AT,AP,AH,AFDP,GTEP,TIT,TAT,TEY,CDP,CO,NOX
6.8594,1007.9,96.799,3.5,19.663,1059.2,550,114.7,10.605,3.1547,82.722
6.785,1008.4,97.118,3.4998,19.728,1059.3,550,114.72,10.598,3.2363,82.776
6.8977,1008.8,95.939,3.4824,19.779,1059.4,549.87,114.71,10.601,3.2012,82.468
7.0569,1009.2,95.249,3.4805,19.792,1059.6,549.99,114.72,10.606,3.1923,82.67
7.3978,1009.7,95.15,3.4976,19.765,1059.7,549.98,114.72,10.612,3.2484,82.311
7.6998,1010.7,92.708,3.5236,19.683,1059.8,549.97,114.72,10.626,3.4467,82.409
7.7901,1011.6,91.983,3.5298,19.659,1060,549.87,114.71,10.644,3.4874,82.44
7.7139,1012.7,91.348,3.5088,19.673,1059.8,549.92,114.71,10.656,3.6043,83.01
7.7975,1013.8,90.196,3.5141,19.634,1060.1,550.09,114.72,10.644,3.3943,82.284
8.082,1015,88.597,4.0612,23.406,1083,550.21,131.7,11.679,1.9081,82.782
8.3047,1016,86.343,4.087,23.747,1085.3,550.2,133.67,11.703,1.7118,81.995
8.4684,1016.1,86.491,4.0513,23.734,1085.1,550.14,134.24,11.775,1.4672,80.638
8.8856,1016.2,82.974,4.0503,23.869,1085.9,550.17,134.69,11.864,1.7113,80.533
9.3714,1016.6,79.98,4.0427,23.916,1085.9,550.09,134.68,11.86,1.6637,80.538
9.7962,1017.1,78.061,4.0613,23.962,1085.9,549.97,134.68,11.855,1.4061,80.463
9.6996,1017.9,76.382,4.0719,23.945,1085.9,549.84,134.69,11.85,1.4072,80.522
9.3111,1018.8,75.559,4.0578,23.89,1085.9,549.72,134.69,11.845,1.5193,80.648
8.6702,1019.8,77.476,4.0727,23.824,1085.9,549.6,134.69,11.84,1.4201,80.374
8.1375,1020.6,79.741,4.0432,23.832,1085.4,549.99,134.68,11.835,1.6156,80.639
7.0396,1021.2,83.102,4.011,23.655,1084.9,550.03,134.68,11.83,1.6929,81.223
6.5345,1021.7,86.253,4.0678,23.801,1085.7,549.87,134.67,11.867,1.4975,84.556
6.4893,1022.2,86.19,4.1476,24.098,1087.6,549.66,133.78,12.014,1.343,86.11
6.4935,1022.4,84.82,4.1916,24.053,1088.1,550.03,134.11,11.908,1.3034,86.607
6.079,1022.8,85.053,3.521,19.259,1057,548.09,112.8,10.565,4.6458,105.15
5.4134,1023.8,84.432,3.8312,21.433,1070.4,548.85,122.33,11.186,4.1165,105.73
5.4755,1024,82.83,4.1239,23.893,1087.2,549.96,133.94,11.968,1.4605,87.298
5.9958,1024.2,82.376,4.657,28.128,1099.7,543.28,150.33,12.935,0.78039,82.101
6.7455,1024.3,80.521,4.0011,23.628,1085,550.06,134.24,11.913,1.4327,84.386
7.9304,1023.7,76.271,4.657,28.433,1096.2,540.4,150.02,13.055,1.1222,75.403
9.3818,1022.8,56.158,4.634,28.221,1100.1,543.62,150.5,12.971,0.91143,83.766
10.005,1022.4,55.943,4.5008,27.325,1100.3,547.24,147.72,12.813,0.99325,87.119
10.197,1022.3,57.235,4.6544,28.375,1099.8,543.21,150.6,12.873,0.9363,80.353
10.362,1022.4,58.863,4.096,24.085,1085.9,549.89,134.1,11.974,1.4624,82.31
10.071,1022.3,62.72,4.2234,25.219,1092.3,550.07,139.7,12.124,1.2694,81.801
9.0326,1022.6,66.693,4.2483,25.607,1095,550.06,142.04,12.327,1.1787,84.197
8.6055,1022.7,69.72,4.3266,26.342,1099.2,550.33,145.76,12.551,0.98319,86.667
7.815,1022.4,73.101,4.4504,27.33,1100.1,546.95,149.63,12.771,0.86157,84.144
6.3292,1022.4,79.928,3.9692,23.639,1083.5,549.39,134.62,11.845,1.6684,83.796
5.2115,1022.4,85.43,4.0247,23.447,1083.4,550.05,134.37,11.783,1.7005,84.643
4.9731,1022,85.73,4.0163,23.363,1082.7,550,133.75,11.789,2.3359,83.76
4.5728,1021.7,87.397,4.0737,23.505,1083.9,549.96,134.7,11.883,1.7279,84.253
4.2643,1021.5,88.365,4.0944,23.544,1083.9,549.79,134.32,11.889,1.7017,84.737
4.2732,1021.3,88.375,4.2089,24.291,1088.1,550.1,135.89,12.042,1.5161,85.062
4.2691,1021.2,87.766,4.196,24.088,1086.9,549.98,135.05,11.939,1.4771,85.051
4.393,1021.5,86.622,3.8506,21.467,1037.9,528.08,116.72,11.141,31.971,99.229
3.8907,1021.8,88.81,4.1002,23.675,1084.6,550.09,135.07,11.75,1.7859,85.129
3.7124,1022.3,90.196,4.2672,24.149,1087.4,550.16,134.61,11.96,1.5446,85.929
5.1136,1022.8,91.462,5.2454,31.325,1099.6,532.5,156.91,13.671,0.81911,66.938
6.3887,1022.8,92.302,5.1564,30.83,1099.8,534.63,158.69,13.508,0.74091,67.781
8.2123,1022.4,94.78,4.8574,28.643,1100.1,542.5,151.81,13.113,0.97347,76.702
10.198,1021.9,88.976,4.7889,28.198,1099.8,544.07,149.86,13.046,1.0479,78.061
11.121,1021.8,79.605,4.7062,28.211,1100.4,544.15,149.72,13.084,1.2479,78.062
11.246,1021.9,77.457,4.8301,28.96,1100.2,541.54,151.6,13.107,1.1366,75.082
11.291,1022.2,77.777,4.1511,24.021,1085.7,549.9,133.7,11.813,1.7195,77.424
11.052,1022.2,81.374,4.1384,23.914,1085.3,550.01,133.59,11.83,1.7777,77.22
9.9509,1022.3,86.819,4.169,24.103,1086.2,549.92,134.77,11.907,1.8138,77.21
9.0512,1022.4,89.686,4.1568,23.716,1084,549.82,133.41,11.783,1.7967,77.328
8.2406,1022.9,88.949,4.3147,24.901,1091.1,550.15,139.36,12.131,1.4134,79.667
7.8063,1023,88.166,4.2042,24.063,1086.5,550.13,135.71,11.972,1.7916,79.416
6.9265,1023,89.427,4.1485,23.407,1082.8,550.02,133.29,11.741,1.9341,81.682
6.2019,1022.9,92.396,4.2639,23.767,1085,550.21,134.86,11.928,1.7545,81.195
5.838,1022.8,93.29,4.2806,23.68,1084.5,550.05,134.65,11.855,1.6754,81.945
5.6929,1022.7,93.167,4.304,24.038,1086.6,549.99,135.25,11.983,1.6491,83.449
5.5346,1022.7,93.228,4.286,24.096,1087,550.03,135.14,11.879,1.6431,83.558
5.7913,1021.2,90.801,4.1287,22.917,1062.8,538.95,125.81,11.559,17.437,94.277
5.3449,1021.1,91.843,4.1819,23.648,1084.2,549.91,133.64,11.757,1.5613,84.422
5.1123,1020.9,94.465,4.2542,23.638,1084.3,550.03,133.67,11.7,1.4721,83.333
5.3562,1021,99.571,4.3758,23.531,1083.7,550.03,133.34,11.664,1.3363,82.396
6.094,1021.1,100.18,4.6927,23.781,1086,550.12,133.22,11.843,1.4972,82.142
7.4314,1020.9,99.956,4.7902,24.566,1089.4,550,135.19,12.076,1.3169,81.71
8.5936,1020.4,99.724,4.781,24.366,1087.6,550.08,133.76,12.02,1.3219,79.232
9.8173,1019.6,97.878,4.7519,23.986,1085.4,550.03,133.75,11.935,1.4898,77.145
10.343,1018.5,96.807,4.7638,24.054,1085.4,549.88,133.74,11.915,1.7097,77.139
10.712,1017.6,93.895,4.7269,25.167,1091.6,549.86,138.74,12.118,1.3249,78.116
10.599,1017.1,92.698,4.5548,25.415,1093,550.22,139.67,12.082,1.3134,79.405
10.69,1016.9,92.305,4.3562,24.097,1085.4,550.1,133.57,11.857,1.6526,77.231
10.247,1016.6,94.086,4.3582,24.009,1084.9,550.07,133.52,11.686,1.7577,77.153
9.2286,1016.4,95.86,4.4023,23.568,1082.5,549.98,132.2,11.65,2.1855,77.199
8.8895,1016.5,96.73,4.5986,24.158,1086,550.07,134.76,11.798,1.5168,77.084
8.5251,1016.5,94.728,4.452,23.983,1085.2,550.05,134.32,11.767,1.6508,77.305
6.8583,1016.4,92.812,4.4024,23.871,1084.6,549.86,134.74,11.879,1.4624,81.072
5.4839,1016,96.092,4.5288,23.852,1084.7,550.1,135.12,11.866,1.8067,82.097
5.1159,1015.7,98.623,4.7282,23.843,1084.9,550.09,135.21,11.963,1.9478,82.314
4.9338,1015.3,99.869,4.8521,23.692,1083.8,549.94,134.43,11.851,1.8624,82.891
4.8061,1015,100.08,5.0605,24.081,1086.2,550.1,135.49,11.955,1.4915,82.054
5.2138,1015,100.18,4.9899,24.161,1086.7,550.17,134.66,12.034,1.3126,81.952
5.746,1014.8,100.17,4.963,24.062,1085.8,550.06,134.01,11.83,1.4267,82.146
5.9927,1014.3,100.18,5.0052,23.973,1085.2,549.89,133.57,11.786,1.5817,82.062
6.3223,1013.9,100.18,5.0599,24.174,1086.3,550.04,134.27,11.94,1.6643,81.967
6.734,1013.6,100.17,5.1539,24.313,1086.9,550.08,134.67,11.926,1.6142,82.019
7.1418,1013.3,100.13,5.1639,24.332,1086.9,549.91,134.51,11.86,1.3204,82.079
7.4561,1013.1,99.555,5.2384,24.441,1087.5,550.15,134.87,11.933,1.3139,82.169
7.4089,1013.1,98.936,5.2313,23.882,1084.4,550.01,134.02,11.777,1.4937,82.114
7.3384,1013.3,100.1,5.499,24.055,1085.2,550.06,134.73,11.936,1.6799,79.398
8.2968,1012.6,100.17,5.8685,24.856,1089.5,550.01,137.97,11.97,1.3188,77.816
9.3303,1011.7,100.17,6.0908,24.425,1086.6,549.97,135.42,11.842,1.6058,76.993
10.137,1010.5,100.17,6.358,24.559,1087,549.97,135.7,11.801,1.3174,76.04
10.438,1009.1,99.727,6.1715,24.136,1084.5,549.97,133.7,11.802,1.4964,76.057
9.8976,1008,100.15,6.0726,24.481,1086.5,549.9,135.65,11.878,1.3149,77.134
9.94,1007.3,100.17,5.9766,24.092,1084.3,549.88,133.75,11.793,1.3819,76.342
9.9082,1006.8,100.17,6.0445,24.073,1084.2,549.95,133.75,11.707,1.4919,74.8
10.508,1006.4,99.221,5.8844,24.06,1083.7,550.07,133.52,11.678,1.6164,74.578
10.462,1005.6,98.315,5.7329,24.114,1084.5,549.9,133.96,11.806,1.4671,75.424
12.184,1004.6,91.008,4.8536,24.357,1085.8,550.04,134.73,11.865,1.1066,75.595
12.62,1003.9,89.17,4.4631,24.265,1085.3,550.19,134.03,11.894,1.276,74.483
13.981,1002.9,83.262,4.4213,24.372,1086.3,549.98,134.35,11.949,1.3186,75.082
14.742,1002.3,78.706,4.5311,25.55,1092.4,550.27,139.71,12.186,1.3054,79.374
14.991,1001.2,78.481,4.3795,24.408,1086.1,550.07,134.41,11.974,1.6468,74.597
14.867,1000.2,76.831,4.3998,24.568,1086.9,550.01,134.91,11.922,1.292,75.145
14.475,999.49,76.982,4.3433,24.294,1085,550.1,133.33,11.761,1.3274,73.822
14.936,998.76,75.63,4.4135,24.775,1087.4,549.99,135.35,11.933,1.2177,75.104
14.956,998.01,74.836,4.4128,24.672,1086.7,550.14,134.66,11.805,1.3609,78.443
15.399,996.84,74.237,3.9852,22.193,1048.3,534.51,118.99,11.137,27.25,83.232
16.093,996.28,72.2,4.2949,24.35,1084.8,550.14,133.36,11.711,1.2698,74.45
15.829,995.76,70.396,4.3763,24.644,1086,550.15,134.38,11.742,1.1856,75.971
16.092,995.4,69.185,4.3591,24.637,1086.1,550.34,134.32,11.748,1.2879,75.6
16.295,995,66.199,4.3641,24.564,1085.5,550.27,133.74,11.786,1.3061,76.234
16.397,994.37,66.738,4.4143,24.824,1086.7,549.88,134.72,11.897,1.3,77.425
16.881,993.51,65.659,4.3718,24.638,1085.6,549.83,133.82,11.895,1.3279,76.363
16.977,992.42,64.813,4.4265,24.747,1085.6,550.29,133.71,11.889,1.3078,77.253
17.435,991.73,63.808,4.3883,24.682,1085.7,550.06,133.74,11.883,1.5358,77.384
18.118,991.01,61.432,4.3286,24.42,1084.1,549.99,132.48,11.804,1.5369,77.266
18.256,990.28,60.258,4.3468,24.655,1085.4,550.37,133.65,11.844,1.2988,77.843
17.916,989.67,61.48,4.3236,24.645,1085.5,550.17,133.74,11.806,1.295,77.969
17.937,988.97,62.85,4.3658,24.712,1085.3,549.67,133.46,11.737,1.3245,77.439
17.99,988.63,60.753,4.4593,25.064,1086.3,549.69,134.16,11.809,1.308,79.064
18.345,988.2,60.41,4.4171,24.869,1085.9,550.29,133.76,11.778,1.3129,77.401
18.925,988.11,56.205,4.3698,24.679,1085.1,550.16,132.83,11.747,1.353,78.668
18.864,987.84,56.245,4.3494,24.758,1085.9,549.89,133.13,11.822,1.1937,79.472
17.91,988.21,64.503,4.2801,24.696,1085.9,549.79,133.66,11.837,1.0446,76.663
17.167,988.87,75.068,4.3595,24.712,1085.6,550.36,133.7,11.954,1.0953,75.148
15.17,988.65,85.723,4.3959,24.557,1083.9,550.26,132.7,11.806,1.2589,74.49
15.144,989.32,85.043,4.3848,24.474,1083.8,550.29,132.49,11.739,1.3671,74.735
15.802,990.22,78.479,4.3457,24.4,1083.7,550.16,132.25,11.777,1.3577,75.108
15.794,990.87,77.336,4.2299,23.861,1074.6,545.86,128.52,11.493,6.6815,81.353
15.327,992.42,77.042,3.9868,22.33,1049.8,535.33,119.04,11.208,26.999,80.448
15.212,993.55,76.841,4.2812,24.651,1086.2,550.05,134.26,11.834,1.4375,74.702
15.034,994.75,78.059,4.2485,24.481,1085.7,550.17,133.84,11.76,1.3246,73.992
15.403,995.92,76.983,4.2367,24.409,1085.4,550.25,133.53,11.787,1.4918,73.617
15.461,996.96,75.899,4.2785,24.655,1086.9,549.97,134.69,11.915,1.2965,76.071
15.821,997.65,75.109,4.2865,24.648,1086.7,550.1,134.69,11.891,1.3339,75.077
16.402,997.88,74.859,4.2386,24.441,1085.7,550.24,133.92,11.865,1.3823,74.383
16.416,998.17,73.826,4.225,24.438,1085,549.99,133.75,11.866,1.3374,73.995
14.628,999.05,79.638,4.2074,24.494,1085,550.2,133.75,11.869,1.5402,74.27
13.126,999.57,84.483,4.1593,24.254,1084.3,550.15,133.75,11.873,1.6692,74.223
12.453,1000.2,89.09,4.1645,24.215,1084.4,550.15,133.73,11.876,1.4605,74.189
11.837,1000.8,91.391,4.1976,24.236,1084.9,550.18,134.23,11.879,1.3247,74.179
11.218,1001.3,94.007,4.2095,24.054,1084.6,549.98,134,11.789,1.3963,74.207
10.958,1001.8,97.01,4.2847,24.223,1085.6,550.27,134.75,11.791,1.0442,72.842
11.133,1002.3,98.076,4.3442,24.075,1084.1,550.17,133.44,11.756,0.93737,72.02
10.816,1002.5,97.742,4.3445,24.368,1085.6,550.3,134.73,11.853,0.80217,74.242
10.367,1002.7,96.624,4.3048,24.184,1085.5,550.13,134.71,11.943,1.3615,74.447
9.8253,1002.8,96.429,4.3078,24.215,1085.8,549.94,135.29,11.994,1.7209,75.186
9.1004,1003,96.006,4.2451,23.966,1084.7,549.98,134.7,11.943,1.6961,76.684
8.4583,1002.8,97.25,4.2699,24.045,1085.3,550.03,135.27,11.918,1.5312,76.778
7.0444,1006.4,96.843,4.0069,22.229,1048.1,532.44,121.93,11.328,31.538,87.493
7.4793,1006.5,96.254,4.1698,23.648,1083.3,550.1,133.52,11.651,1.7969,80.574
7.757,1006.4,93.41,4.1479,23.628,1083.3,550.17,133.7,11.676,1.6875,79.718
7.9574,1006.3,92.203,4.1637,23.696,1083.5,549.96,133.7,11.703,1.7095,78.34
8.0879,1006.2,90.445,4.1564,23.734,1083.4,549.98,133.71,11.73,1.716,77.952
8.1587,1006.6,90.236,4.1639,23.733,1083.3,550.02,133.7,11.757,1.7114,77.872
8.0879,1007,91.134,4.1497,23.703,1083.3,549.93,133.7,11.788,1.7121,78.046
7.9906,1007.4,91.253,4.1225,23.735,1083.5,549.97,133.71,11.839,1.6686,78.125
7.9425,1007.5,91.599,4.153,23.731,1083.4,550.21,133.71,11.891,1.6961,77.625
8.0706,1007.6,92.148,4.1973,23.991,1084.3,549.96,134.51,11.906,1.4806,78.481
8.0643,1007.7,91.38,4.1492,23.747,1083.2,549.94,133.71,11.83,1.5596,79.723
8.0512,1007.8,90.384,4.1338,23.751,1083.4,549.9,133.71,11.763,1.7001,80.847
8.0003,1007.9,90.149,4.1711,24.028,1085.2,549.92,135.33,11.84,1.4529,81.59
7.7199,1007.8,90.502,4.1487,23.827,1084.4,549.91,134.84,11.831,1.5398,80.856
7.346,1007.7,91.087,4.1449,23.672,1083.8,549.96,134.29,11.826,1.5398,80.513
7.1416,1007.4,91.564,4.2487,24.446,1088,549.93,137.78,12.024,1.3072,80.585
7.2742,1007.4,89.448,4.1477,23.832,1084.5,549.89,134.72,11.884,1.5072,79.141
7.2804,1007.6,86.61,4.1006,23.561,1083.2,549.85,133.68,11.84,1.7374,80.357
7.1797,1007.5,85.845,4.077,23.541,1083.1,549.98,133.69,11.846,1.7184,80.528
7.2261,1007.4,85.64,4.0843,23.606,1083,549.99,133.68,11.852,1.7091,80.507
7.3346,1007.7,86.45,4.0771,23.65,1083.1,549.96,133.68,11.858,1.7781,80.528
7.2752,1008.2,86.306,4.0752,23.698,1083.6,549.96,134.01,11.844,1.6733,80.623
7.2419,1008.8,87.374,4.1626,24.248,1086.7,550.1,136.53,11.867,1.3605,81.393
7.334,1009.5,88.411,4.1381,23.997,1085.5,550.14,135.58,11.852,1.4203,81.315
7.6131,1010.1,88.493,4.1167,23.855,1084.4,550.02,134.69,11.834,1.5992,79.828
8.0856,1010.6,87.085,4.0891,23.713,1083.5,550.04,133.75,11.84,1.7317,79.605
8.3858,1010.8,85.419,4.1301,23.925,1084.7,549.99,134.58,11.816,1.5184,79.546
8.5583,1010.8,85.004,4.0974,23.814,1083.7,550.03,133.79,11.779,1.7179,80.457
8.8214,1011.1,84.233,4.0673,23.703,1083,550.01,133.15,11.712,1.7171,80.608
9.2077,1011.6,81.548,4.0952,24.05,1085.1,550.01,134.56,11.961,1.6902,80.553
9.3188,1012.3,80.248,4.0969,23.895,1084.1,550.14,133.77,11.886,1.7351,79.455
9.2426,1013,83.23,4.5892,27.394,1089.8,541.42,144.39,12.663,1.4706,74.227
8.7846,1013.6,85.529,5.4273,33.493,1099.9,526.3,163.93,14.214,0.93444,65.643
8.3514,1014.2,85.702,5.4543,33.611,1100.1,525.99,164.63,14.257,0.83749,65.24
8.1364,1015,85.949,4.0928,23.891,1084.5,549.21,135,11.898,1.5584,79.641
7.6534,1015.6,86.663,4.1134,23.886,1085.3,550,135.06,11.898,1.5403,79.633
7.4401,1016,86.855,4.0703,23.584,1083.8,549.98,133.9,11.915,1.7054,79.563
6.8768,1016.2,86.856,4.1191,24.183,1087.2,549.98,136.94,11.926,1.3482,79.726
6.0245,1016.3,87.909,4.067,23.608,1084.1,549.74,134.68,11.827,1.6914,81.662
5.4182,1016.4,90.172,4.2104,23.824,1085.6,549.93,134.27,11.937,1.6448,82.355
5.7219,1016.6,88.684,4.2522,24.1,1087.3,549.99,134.33,12.045,1.3191,83.603
5.8848,1016.8,87.026,4.1904,23.827,1086.2,550.01,133.46,11.88,1.3472,84.265
5.5817,1016.7,85.499,3.8489,21.035,1035.4,527.44,114.07,11.064,35.019,97.863
5.4317,1016.9,85.524,4.2254,23.854,1086.9,550.19,133.68,11.934,1.3253,84.908
5.2603,1016.9,85.059,4.2078,23.877,1086.7,549.96,134.04,11.998,1.3483,85.034
4.9838,1016.9,84.006,4.2466,24.108,1088.4,549.84,135.24,12.055,1.3722,85.043
5.0631,1016.9,82.765,4.1699,24.11,1088.3,549.82,136.32,12.075,1.356,84.205
5.1721,1016.9,86.024,4.005,23.173,1083.1,550.02,133.8,11.765,1.8177,81.92
6.2324,1017.1,88.181,4.0361,23.34,1083.4,550.11,133.76,11.776,1.6265,80.561
7.315,1016.3,82.664,4.0515,23.619,1085.1,549.99,134.65,11.935,1.6046,83.449
8.3328,1015.6,75.092,4.0147,23.605,1084.3,550.09,133.76,11.888,1.7224,81.896
9.025,1015.1,69.365,4.0526,23.667,1084.5,550.03,133.76,11.841,1.6683,78.971
9.3045,1015.3,72.005,4.0485,23.662,1084.5,549.97,133.77,11.828,1.8544,77.76
9.2169,1015.8,70.518,4.0547,23.622,1084.6,550,133.77,11.879,1.451,78.824
8.8609,1016,70.597,4.4208,26.214,1088.6,543.68,141.83,12.532,1.6213,76.836
8.3759,1016.3,74.595,5.292,32.602,1100,528.19,162.92,14.146,1.1048,66.517
7.6279,1016.5,80.032,5.3557,32.982,1100.1,527.3,164.13,14.155,0.97698,67.679
7.2977,1016.6,85.041,4.4063,25.868,1088.2,544.56,141.92,12.284,1.1942,77.053
7.5282,1016.7,89.422,4.161,23.617,1084.9,549.95,134.85,11.94,1.483,78.236
7.5387,1016.9,89.944,4.1225,23.449,1084,550,134.04,11.936,1.6883,78.477
7.5363,1017.1,91.681,4.1526,23.546,1084.4,549.96,134.43,11.893,1.7288,78.391
7.3843,1016.9,92.442,4.1426,23.396,1083.7,550.13,133.75,11.801,1.9594,79.39
7.4267,1016.7,91.312,4.3006,24.626,1090.4,549.77,139.06,12.049,1.6149,81.817
7.7222,1016.7,87.072,4.1083,23.536,1084.3,549.95,133.77,11.895,1.7277,81.113
7.6417,1016.6,84.898,3.7828,21.41,1062.7,544.76,122.38,11.139,5.339,93.339
7.6345,1016.7,84.02,3.4947,19.449,1042.1,538.82,111.92,10.533,7.44,89.631
7.4278,1016.4,84.501,3.4595,19.569,1040.2,537.45,111.72,10.581,8.0138,90.316
6.9381,1016.4,91.093,3.5368,19.705,1041,537.24,112.67,10.723,8.5344,92.164
6.991,1016.6,90.611,4.0875,23.544,1083.7,550.06,133.67,11.741,1.7977,80.226
7.2087,1016.8,88.938,4.071,23.541,1083.9,550.21,133.65,11.734,1.6398,80.036
7.1966,1017,90.935,4.0996,23.688,1084.6,550.11,134.27,11.795,1.6879,79.545
7.296,1017.2,92.481,4.1191,23.8,1085.3,550.13,134.72,11.87,1.6718,78.549
7.3752,1017.6,93.598,4.9553,29.51,1094.1,535.68,152.47,13.279,1.1353,69.655
7.3361,1017.5,94.602,5.4316,32.654,1100,528.35,163.45,13.945,0.81361,64.365
7.4467,1017.3,93.893,5.4257,32.981,1100.1,526.68,163.94,14.146,0.74238,64.096
7.2602,1017.4,92.168,5.3866,32.804,1100.2,527.27,163.98,14.166,0.73813,64.781
6.9274,1017.7,89.852,5.3836,33.262,1100.3,526.06,164.85,14.264,0.86236,66.462
7.0533,1018.1,81.111,5.2441,33.008,1100.1,527.18,164.15,14.193,0.81939,67.479
7.1476,1018.5,78.347,5.2597,33.284,1100.2,525.76,164.68,14.288,0.92138,68.682
7.2451,1018.9,78.57,5.2294,32.751,1099.7,527.83,163.76,14.102,0.87672,68.702
7.3472,1019.3,77.571,5.0452,31.438,1097.2,530.47,159.09,13.823,1.0691,70.82
7.2666,1019.6,75.901,3.9715,23.74,1084.8,550.02,134.51,11.809,1.525,81.774
7.2007,1020.1,77.212,3.9966,23.827,1085.1,549.78,134.71,11.839,1.5465,81.513
7.2855,1020.4,74.94,4.0341,23.795,1085.2,549.95,134.72,11.888,1.5863,83.441
7.3476,1020.6,73.617,4.0388,23.727,1085.2,550.04,134.68,11.86,1.5148,82.426
7.3896,1020.9,73.675,4.0493,23.749,1086,550.12,135.06,11.856,1.5502,82.149
5.7826,1022.7,82.005,4.0256,23.083,1066.2,539.66,127.96,11.706,29.341,86.95
5.6669,1023.2,83.311,5.2212,32.093,1097.3,528.67,160.12,13.899,1.2141,68.559
6.0859,1023.5,85.13,5.3051,32.769,1100.4,526.62,164.46,14.218,0.75697,65.628
7.2745,1023.7,82.014,5.3407,33.034,1100.2,526,163.95,14.23,0.71516,64.847
8.8629,1023.3,75.879,5.316,32.807,1100.3,527.78,162.54,14.089,0.96628,66.444
9.6107,1022.7,73.271,5.3581,33.074,1100,526.91,162.85,14.127,1.2728,66.422
9.7717,1022.4,71.034,5.3099,32.748,1100.1,527.97,162.29,14.056,0.97283,67.102
9.9905,1022.2,67.58,5.3377,33.042,1100,526.81,162.57,14.12,0.95571,67.223
9.8237,1022.1,70.629,5.3045,32.706,1099.9,527.85,162.03,14.051,1.0247,67.044
9.8056,1022.1,71.353,5.3873,33.207,1100.2,526.39,162.98,14.209,0.93374,66.339
9.2066,1022.2,73.405,5.2976,32.992,1100.1,527.26,163.1,14.082,0.86894,66.009
8.7413,1022.3,75.011,5.3629,33.312,1100,526.27,163.91,14.158,0.96774,66.106
8.1971,1022.1,75.799,5.2696,32.921,1100.1,527.35,163.81,14.037,0.8214,65.433
6.8928,1022,80.482,4.9193,30.183,1094.4,533.69,155.7,13.378,1.0082,71.364
5.6221,1021.7,85.054,4.1286,23.656,1084.5,549.95,135.29,11.904,1.7481,82.487
5.0085,1021.1,88.25,4.2155,23.973,1086.4,549.79,135.45,11.986,1.6619,84.337
5.3039,1020.6,88.786,4.2341,24.101,1087,549.78,134.77,11.911,1.4314,83.215
5.6397,1020.1,88.235,4.2061,23.862,1085.4,549.88,133.33,11.901,1.5116,83.746
5.866,1019.5,87.226,4.2697,24.247,1087.4,549.73,134.97,11.991,1.6079,83.576
5.8573,1019,87.366,4.1986,23.964,1085.5,549.92,133.53,11.82,1.7846,84.539
5.6602,1018.3,86.968,3.8404,21.079,1028.5,523.86,112.02,10.963,43.428,99.237
5.0232,1017.8,87.114,3.8648,21.435,1032.5,524.71,113.6,11.029,43.397,92.062
4.4065,1016.6,86.176,4.1075,23.162,1067.1,541.04,128.14,11.601,18.049,91.258
4.2052,1016.4,87.248,4.2198,23.892,1085.3,550.07,133.93,11.869,1.4223,86.535
5.0307,1016,89.729,4.3506,24.713,1089.9,549.84,137.69,12.163,0.99755,83.524
7.8042,1015.4,91.954,4.5995,25.949,1097.5,549.61,143.71,12.276,0.99244,85.839
9.3252,1014.9,81.431,4.3378,24.73,1090,549.86,137.76,12.15,1.5498,78.698
9.9308,1014.2,77.836,5.0069,29.505,1099.7,539.49,153.86,13.292,1.3501,77.995
10.554,1013.1,70.983,5.0451,29.515,1099.7,539.61,153.74,13.24,1.0598,76.809
11.127,1012.4,65.24,5.0449,29.548,1099.6,539.38,153.74,13.156,0.76966,76.396
11.612,1012,68.431,4.2839,24.08,1085.1,549.41,134.21,11.866,1.2337,79.965
11.76,1011.8,70.012,4.3542,24.713,1088.4,549.53,136.86,12.063,1.2398,78.269
11.722,1011.8,72.257,5.3998,32.417,1099.7,529.5,160.44,13.873,0.88564,68.844
11.257,1011.7,76.337,5.4114,32.231,1099.9,530.09,160.43,13.94,0.93581,67.876
10.859,1011.8,79.192,5.419,32.355,1100.1,529.46,160.77,13.981,0.98694,68.947
10.649,1011.8,81.698,5.387,32.134,1100,530.53,160.44,13.892,0.99639,69.676
10.619,1011.8,83.524,4.8873,28.493,1100,542.91,151.56,12.958,1.0718,78.353
10.03,1012,83.717,4.2169,23.901,1085.4,550.15,134.49,11.904,1.7306,78.091
9.0172,1011.9,89.166,4.2265,23.801,1084.7,549.97,134.1,11.751,1.6047,77.137
8.8861,1011.4,90.319,4.2505,23.948,1085.2,549.84,134.62,11.853,1.5356,77.166
7.9027,1011.4,89.338,4.2648,24.15,1085.4,549.95,135.45,11.909,1.4117,79.282
7.5923,1011.2,89.435,4.2398,24.063,1084.9,550.12,134.86,11.921,1.479,78.891
7.3109,1010.7,90.048,4.2013,23.754,1083.3,550.1,133.67,11.897,1.4341,79.403
6.6235,1010.6,90.145,4.2246,23.68,1082.9,550,133.68,11.866,1.5931,81.564
7.0321,1010.4,91.962,4.2651,23.936,1084.2,550.19,134.28,11.84,1.6717,80.6
8.1267,1010.4,84.555,4.1846,24.086,1085.2,550.06,134.67,11.834,1.6258,80.54
8.4214,1010.5,77.878,4.0715,23.805,1084.8,550.09,134.33,11.827,1.3811,80.139
7.6014,1010.4,84.881,4.0652,23.852,1085.5,550.2,135.27,11.96,1.5433,80.81
6.7555,1011,91.691,4.4361,25.285,1093.5,550.08,142.3,12.181,1.328,82.593
6.4174,1011.2,95.058,4.2503,23.527,1083.7,550.1,134.4,11.79,1.8342,80.209
6.0853,1010.8,96.661,4.3131,23.696,1084.8,550.07,135.29,11.836,1.7087,79.746
5.9799,1010.2,98.086,4.297,23.61,1084.2,549.96,134.74,11.798,1.758,79.632
6.4816,1011.1,91.201,5.562,33.154,1099,527.26,161.26,14.02,0.30256,76.001
6.0479,1012,92.954,5.5029,32.901,1100,527.98,163.17,14.046,0.13739,71.437
6.1547,1012.2,91.433,5.5062,32.784,1100.1,528.49,163.28,14.06,1.0841,71.949
5.8473,1012.3,91.532,5.5887,33.299,1100.2,526.76,164.81,14.203,1.0646,71.651
5.5259,1012.3,92.777,5.6597,33.498,1100.1,526.33,165.8,14.241,0.94261,68.977
4.9922,1012.4,92.788,4.4384,24.663,1084.6,547.17,137.7,12.065,1.5995,81.388
4.5208,1012.2,93.184,4.2963,23.585,1083.6,550.09,134.57,11.883,1.7111,83.672
4.3754,1012.1,92.345,4.3788,24.308,1087.2,550.15,136.09,12.007,1.4594,84.012
4.4465,1012,90.665,4.2821,24.178,1086.7,549.91,135.43,12.007,1.446,84.663
4.128,1011.6,88.615,3.9446,21.864,1064,544.21,123.44,11.192,5.0299,104.53
3.7288,1012,89.565,3.6549,19.165,1057.5,549.93,111.72,10.668,4.0887,108.14
4.9469,1011.8,86.141,4.2746,23.679,1084.3,550.12,131.62,11.763,1.679,90.887
5.442,1011.2,81.698,4.1049,23.707,1085,549.88,134.75,11.939,1.6813,83.592
6.1658,1010.3,82.916,4.2488,24.687,1089.9,549.95,138.56,12.039,1.4882,83.483
7.2118,1009.7,76.238,4.2934,24.935,1090.4,549.96,138.69,12.088,1.3348,83.479
7.8582,1009.6,59.875,4.2645,24.937,1090.7,549.82,138.7,12.013,1.315,85.659
8.0043,1009.8,56.509,3.8871,22.293,1070.5,546.9,125.71,11.336,3.1997,87.256
7.6406,1009.9,61.385,3.7344,21.384,1065.7,547.49,122.43,11.143,3.3474,84.956
6.3196,1009.8,68.196,4.0704,23.857,1084.8,549.87,134.7,11.83,1.3238,84.482
5.6147,1009.8,76.501,4.1071,23.858,1084.3,549.79,134.7,11.846,1.6035,84.305
5.3847,1010.1,72.311,4.0948,23.794,1084.2,549.88,134.71,11.81,1.6897,83.984
5.3236,1010.4,78.034,4.0938,23.727,1084.5,550.03,134.69,11.844,1.3181,81.887
4.9114,1010.8,82.386,4.1686,23.888,1085.4,549.85,135.6,11.923,1.358,82.04
4.6504,1010.8,84.987,4.1532,23.886,1085,550.16,135.55,11.922,1.2555,82.001
4.2032,1011,86.945,4.2208,23.928,1085.1,549.56,135.74,11.997,1.4188,82.218
3.8848,1011,87.816,5.0169,30.034,1099.6,537.76,157.83,13.403,0.76467,73.516
3.7718,1010.8,82.957,3.9872,22.628,1073.2,546.7,129.3,11.495,3.0552,87.456
3.5608,1010.8,77.286,3.5121,19.455,1042,538.41,112.98,10.492,8.9097,104.39
3.2378,1010.9,79.859,3.5353,19.343,1044.4,540.49,111.71,10.441,8.9509,110.28
3.4337,1010.9,80.47,3.6075,19.11,1057.5,550.13,111.71,10.514,4.4667,104.73
3.6819,1011.1,78.048,3.5266,19.047,1057.1,550.07,111.7,10.506,4.5852,106.62
3.2929,1011.6,80.308,3.5474,18.995,1056.8,550.04,111.7,10.48,5.0102,114.35
3.2696,1012.3,79.547,3.9039,21.482,1070,549.15,122.34,11.225,3.7054,106.71
3.4786,1012.8,80.184,4.7136,27.789,1091.1,539.47,145.94,12.799,1.4439,78.395
3.6541,1013.3,79.636,5.3073,33.15,1100.1,526.81,166.33,14.207,0.82068,66.704
3.876,1013.6,79.819,5.4268,33.676,1099.9,524.92,167.3,14.311,0.91308,66.294
4.6557,1013.5,74.477,5.3907,33.332,1100.3,525.95,166.32,14.23,0.8852,67.14
5.51,1013.4,71.764,5.4315,33.534,1100,525.44,166.19,14.326,1.1463,68.295
5.9982,1013.2,67.147,5.4045,33.27,1099.9,526.19,165.61,14.232,1.1589,68.862
5.9881,1013.6,71.839,5.4245,33.431,1100.2,525.64,166.24,14.357,0.95119,66.593
5.4841,1014.2,78.194,5.8669,36.632,1100,515.42,172.15,14.908,1.4861,66.02
5.1745,1014.6,78.014,5.8856,36.751,1100.2,514.66,172.54,14.958,1.3507,66.96
4.9214,1015.3,75.458,5.8514,36.826,1100.1,514.43,172.97,14.976,1.3137,68.089
4.7494,1016,79.55,5.8497,36.816,1100.1,514.3,173.26,15.002,1.3259,66.997
4.0273,1016.6,87.783,5.9883,36.973,1099.5,513.47,173.92,15.031,1.3217,65.289
3.7054,1017.1,85.93,5.98,37.189,1099.5,513.06,174.25,15.055,1.6353,64.771
3.4226,1017.6,85.443,5.9684,37.172,1100,513.09,174.61,15.081,1.7147,65.923
3.3332,1017.8,82.775,5.8884,36.917,1100,513.29,174.4,15.043,1.6371,66.687
3.3198,1018.2,80.041,5.3428,33.144,1098.6,525.16,166.49,14.132,0.90711,67.606
3.0095,1018.5,81.263,4.1719,23.596,1086,550.34,134.17,11.864,1.3851,85.182
3.3885,1018.8,75.456,4.1479,23.549,1085.9,550.25,133.65,11.919,1.3449,84.966
3.2612,1019.1,74.472,4.136,23.64,1086.5,549.97,134.18,11.941,1.4605,87.146
2.7919,1019.2,77.769,4.1764,23.498,1085.5,550.33,133.68,11.846,1.6597,87.239
2.4947,1019.5,77.785,4.1412,23.46,1085.3,550.09,133.68,11.794,1.6913,87.219
1.5895,1020.3,81.061,3.9984,22.248,1077.3,549.45,128.62,11.496,2.7483,97.398
1.2156,1020.7,81.702,4.872,29.136,1094.6,535.52,154.53,13.272,1.1215,76.182
1.066,1021.2,83.809,4.9614,30.058,1093.3,532.28,156.22,13.455,1.3329,75.048
1.8092,1021.5,83.6,5.4654,33.955,1099.9,523.21,169.08,14.417,0.57516,62.059
3.0133,1021.6,76.607,5.5533,34.707,1099.9,521.01,169.74,14.581,0.63178,62.174
4.0092,1021.3,67.613,5.522,34.425,1100.1,522.35,168.84,14.534,0.77315,64.137
4.6915,1020.9,59.996,5.467,33.875,1099.8,523.6,167.43,14.459,0.82449,67.016
4.8825,1020.7,58.592,5.2343,32.318,1100.1,528.75,164.08,13.989,0.82917,69.248
4.9828,1020.7,57.118,5.1424,31.725,1099.8,530.49,162.67,13.878,0.78687,69.042
4.9065,1021.1,54.566,5.1456,31.715,1099.9,530.74,162.73,13.866,0.77126,68.94
4.7921,1021.4,58.128,5.1733,31.715,1100,530.88,162.73,13.855,0.84411,68.957
4.3736,1021.5,66.598,5.1999,31.791,1100,530.64,163.06,13.916,0.7057,68.273
3.9773,1021.8,64.981,5.3148,32.662,1099.8,527.73,165.24,14.092,0.49113,66.794
3.7387,1022.1,64.131,5.2297,32.256,1099.8,528.84,164.47,14.103,0.50926,67.162
3.6869,1022.3,61.818,5.3161,32.949,1099.9,526.78,166.05,14.183,0.57932,66.927
3.747,1022.6,60.31,5.3232,32.818,1099.8,526.48,166.28,14.23,0.66769,69.607
7.8287,1009.6,65.1,5.4951,33.199,1100.1,528.9,162.06,13.991,1.3204,79.483
8.9876,1009.1,64.781,5.5505,32.713,1100.5,529.76,160.91,14.04,1.0783,79.409
10.056,1008.1,61.601,5.5834,32.576,1099.9,530.42,159.94,13.875,1.0018,78.862
10.872,1008.5,68.643,5.4775,32.278,1100.3,531.63,159.18,13.881,0.98604,77.029
11.039,1008.9,74.548,5.5553,32.411,1100,530.95,159.29,13.872,0.98507,75.066
11.051,1009.2,80.609,5.4742,32.155,1100.3,531.93,158.83,13.89,0.95008,74.549
11.125,1008.8,79.577,5.5093,32.341,1099.9,531.28,159.27,13.799,0.8872,74.332
10.725,1009.5,78.595,5.4006,32.476,1100.1,531.12,160.01,13.865,1.0682,75.326
10.083,1009.7,76.643,5.4664,32.964,1100.1,529.63,161.18,13.958,1.2814,76.547
9.6114,1010.1,76.973,4.4937,26.075,1072.3,536.15,135.69,12.226,3.883,94.605
9.0137,1010.6,80.411,5.4561,33.139,1099.5,528.33,162.15,14.02,1.2107,75.75
8.353,1011.1,82.944,5.4806,33.152,1100.1,528.35,163.01,14.067,0.8589,74.767
7.9903,1011.3,87.483,5.5407,33.182,1099.8,528.16,163.26,14.035,0.86184,74.246
7.9469,1011.8,88.581,4.2814,24.087,1084.3,549.61,134.83,11.849,1.6636,82.955
8.2818,1012.2,87.034,4.2347,24.082,1083.9,549.93,134.06,11.819,1.8282,82.463
6.0117,1012.5,86.104,4.0537,22.2,1047,532.66,119.69,11.19,29.674,94.562
6.8112,1013,91.704,4.3401,24.227,1085.4,549.98,134.73,11.806,1.7095,83.624
10.051,1013.3,88.139,4.3438,24.562,1086.6,550.26,134.7,11.863,1.7503,82.366
11.744,1013.5,78.148,4.4074,24.471,1086.6,549.9,134.72,11.917,1.7181,81.328
12.581,1013.3,75.284,4.4191,24.555,1087.1,549.81,134.73,11.939,1.6045,82.356
13.222,1013.3,74.367,4.4163,24.673,1087.3,549.7,134.73,11.976,1.3228,82.724
13.454,1013.5,76.492,4.6496,26.696,1090,544.9,140.25,12.413,1.3945,78.376
13.408,1013.4,79.069,4.3317,24.557,1086.3,550.19,133.73,11.893,1.6921,78.061
13.353,1013.4,81.084,4.3354,24.425,1085.8,550.14,133.72,11.844,1.7639,79.341
12.377,1013.5,84.626,4.2997,24.217,1085.3,549.95,133.75,11.76,1.9187,79.394
11.944,1013.7,85.991,4.2764,24.123,1084.5,549.96,133.3,11.849,1.8039,79.432
11.685,1014.1,87.745,4.2996,24.234,1085.3,550.21,133.72,11.967,1.5795,79.368
11.397,1014.2,88.354,4.3642,24.269,1085.2,549.85,134.1,11.999,1.6589,79.433
10.779,1014.6,89.78,4.344,24.294,1085.2,549.99,133.87,11.834,1.6905,79.47
11.187,1014.9,92.516,4.4855,24.327,1084.8,549.68,133.65,11.832,1.9788,77.785
11.023,1014.7,91.525,4.5596,24.393,1085.2,549.93,134.24,11.917,1.9259,80.262
10.19,1014.8,91.89,5.1489,27.423,1099.5,548.05,147.18,12.598,1.1858,84.178
9.2874,1014.9,91.825,4.7024,24.265,1085,550.13,134.53,11.83,1.6992,80.565
8.5052,1014,94.254,4.0991,21.267,1025.6,522.79,110.79,10.899,44.103,95.558
8.8312,1013.5,92.821,4.4951,24.217,1084.3,550.1,134.06,11.729,1.8484,82.027
9.108,1013.2,94.043,4.5443,24.376,1085.9,550.3,134.86,11.976,1.7927,80.035
10.415,1013,93.682,4.4547,24.443,1086.5,549.75,134.7,11.978,1.7251,77.148
11.465,1012.7,87.028,4.3323,24.563,1087.1,549.87,134.72,11.942,1.7456,79.155
11.895,1012,81.869,4.3086,24.626,1086.8,549.98,134.98,12.052,1.7216,78.97
11.392,1011.1,82.588,4.2936,24.583,1086.7,550.21,134.74,12.017,1.7162,78.938
11.243,1010.2,83.216,4.2903,24.543,1086.4,549.81,134.75,11.979,1.8044,77.711
11.141,1009.4,87.916,4.3267,24.552,1086.4,550.36,134.73,11.941,1.728,77.648
10.977,1008.9,88.028,4.3307,24.543,1086.3,550.12,134.73,11.904,1.6861,77.933
11.035,1008.6,86.78,4.3144,24.502,1086,549.63,134.74,11.891,1.6172,77.434
11.525,1008.2,85.196,4.3187,24.386,1086.4,549.77,134.74,11.883,1.6908,77.909
10.267,1007.2,97.913,4.4436,24.448,1086,550.17,134.73,11.905,1.8367,76.67
9.8921,1006.7,98.718,4.4361,24.335,1085.1,550.07,134.22,11.904,1.8651,78.118
10.052,1006.3,97.914,4.4219,24.285,1084.9,550.09,134.17,11.908,1.789,79.241
10.437,1005.7,96.542,4.4301,24.385,1085.3,549.87,134.37,11.868,1.8005,78.184
10.814,1005,95.332,4.4204,24.24,1084.9,550.05,133.67,11.911,1.7802,77.866
10.85,1004.4,96.76,4.4907,24.132,1084.1,549.95,133.3,11.766,1.8968,76.829
10.366,1003.5,99.227,4.6576,24.371,1084.8,549.72,133.94,11.808,1.7727,76.172
10.013,1003.2,100.16,4.736,24.292,1084,549.9,133.58,11.798,1.7266,76.335
10.204,1002.5,100.09,4.6727,24.361,1084.3,550.02,133.66,11.805,1.7467,76.341
10.361,1001.6,100.06,4.6253,24.351,1084.3,550.01,133.66,11.799,1.6045,76.445
10.362,1001.3,99.021,4.0397,20.8,1063.2,549.95,118.08,10.734,3.1145,78.469
10.389,1000.8,99.46,3.8175,19.215,1052.9,549.47,111.06,10.357,4.3633,82.442
10.824,1000.4,97.411,3.8087,19.559,1055.8,549.81,112.8,10.438,4.0762,80.715
10.986,1000.1,96.556,4.524,24.458,1084.8,549.97,134.09,11.877,1.7848,77.255
11.421,999.96,95.801,4.5221,24.427,1084.6,549.96,133.71,11.807,1.6596,75.277
11.559,999.77,95.08,4.5215,24.433,1084.5,549.83,133.74,11.804,1.4106,74.564
11.585,999.23,95.262,4.5232,24.48,1084.2,549.76,133.74,11.802,1.4142,74.565
11.888,998.52,92.772,4.4874,24.493,1084.5,549.69,133.72,11.813,1.4506,74.589
11.809,998.27,93.973,4.5001,24.51,1084.3,550.21,133.72,11.794,1.5347,74.506
11.182,998.18,97.942,4.5129,24.517,1083.9,550.2,133.74,11.807,1.6744,74.729
10.882,998.19,100.02,4.5869,24.644,1085,549.9,134.54,11.846,1.6794,75.306
10.616,998.29,100.14,4.6269,24.461,1084.1,550.15,133.72,11.784,1.5232,74.606
10.344,998.25,100.16,4.8576,24.383,1084,549.91,133.73,11.775,1.7181,74.58
10.381,998.32,100.15,4.8953,24.338,1083.8,549.77,133.57,11.769,1.6926,74.478
10.504,998.23,100.14,4.9634,24.656,1085.1,550.15,134.73,11.907,1.7252,74.692
10.587,998.2,100.15,5.0156,24.539,1084.8,549.7,134.15,11.895,1.6832,75.106
10.731,998.26,100.14,5,24.575,1084.6,549.61,134.25,11.941,1.6762,75.063
10.602,998.08,100.15,4.9143,24.114,1082.4,549.84,132.38,11.705,1.3296,74.546
10.597,997.83,100.14,4.9966,24.423,1084.4,550.23,133.89,11.88,1.327,74.455
10.634,997.6,100.15,4.7326,23.31,1077.8,549.9,128.85,11.475,1.7286,75.093
11.113,997.49,100.13,4.7051,24.659,1084.8,549.87,134.1,11.678,1.3221,74.693
10.416,998.62,100.16,5.1626,23.503,1069.3,543.55,127.83,11.529,11.864,82.206
10.513,999.22,100.16,5.3224,24.577,1085.5,549.7,134.67,11.927,1.225,74.716
11.145,999.83,100.17,5.3024,24.506,1085,549.8,134.48,11.787,1.6401,75.007
11.937,999.99,100.15,5.0644,24.615,1085.4,549.95,134.54,11.847,1.6311,74.688
11.725,1000.2,97.793,4.7399,24.595,1085.7,550.27,134.69,11.835,1.685,77.037
11.691,1000.6,95.822,4.5764,24.501,1085.6,549.72,134.44,11.805,1.6447,77.159
11.373,1001.2,95.077,4.4372,24.223,1084.1,550.17,133.69,11.774,1.7117,75.431
9.983,1002,95.78,4.3615,23.979,1083.5,550.06,133.67,11.761,1.716,78.031
8.6494,1003,96.798,4.3285,23.814,1082.9,550.17,133.68,11.829,1.8374,78.413
7.4819,1004.1,90.565,5.2982,31.037,1096.2,533.25,157.39,13.487,1.2335,75.508
6.0853,1005.1,89.415,5.4785,32.942,1100.1,528.87,164.27,14.021,0.90326,74.001
5.1309,1006.5,87.516,4.151,23.72,1082.5,549.57,135.01,11.77,1.6534,84.33
4.3253,1008,84.416,4.124,23.548,1082.8,550.06,134.97,11.749,1.6917,84.729
3.425,1009.2,83.001,4.0251,23.515,1082.7,549.98,135.09,11.779,1.7017,86.743
2.5549,1010.2,82.905,3.9848,23.451,1082.4,550.13,135.07,11.784,1.771,88.723
2.0414,1011.4,81.85,4.0251,23.407,1082.6,549.78,134.32,11.719,1.6058,89.697
1.6049,1012.2,82.478,3.9863,23.194,1081.6,549.83,133.4,11.673,1.4505,90.407
0.96726,1017.9,84.35,4.2899,24.961,1086.2,546.51,139.92,12.13,2.5184,94.361
1.0269,1018.9,84.505,4.116,23.61,1084.3,550.09,134.42,11.764,1.9524,90.054
1.8178,1020.1,80.681,4.5867,26.921,1088.9,541.34,145.02,12.672,1.8712,83.74
1.7382,1020.7,78.887,5.3844,33.631,1099.8,524.51,169.18,14.31,0.94869,69.934
1.4308,1020.8,87.732,5.5887,33.94,1099.8,523.26,169.82,14.419,0.97443,68.969
1.5376,1021,87.171,5.5879,33.792,1099.9,524.4,169.25,14.395,1.0394,69.41
1.3562,1021.4,87.602,5.5861,34.095,1100.1,523.75,169.68,14.416,0.85098,68.879
2.1448,1022.1,89.592,5.6624,34.046,1100.1,523.96,169.1,14.405,0.98647,69.559
2.1902,1022.9,85.216,5.5802,33.756,1099.9,523.92,169.31,14.465,0.92351,69.172
1.4993,1023.6,81.725,5.4899,33.651,1099.6,523.9,169.54,14.34,0.58256,69.13
1.2887,1024.3,83.26,5.3581,32.833,1099.9,526.41,167.84,14.229,0.55367,69.79
0.91765,1024.8,81.835,4.8064,27.843,1091.8,538.95,148.88,12.916,1.1199,81.607
1.7212,1025.1,76.269,4.3451,23.888,1087.5,550.13,134.03,12.014,1.7798,91.37
2.2605,1025.7,71.572,4.7997,27.474,1093.4,541.34,145.76,12.85,1.5079,83.362
1.8587,1026.1,74.385,5.2209,32.072,1100.1,529.6,165.29,14.038,0.93426,70.74
1.3718,1026.4,80.391,5.522,34.144,1100.1,522.15,170.16,14.489,0.97782,68.773
1.2597,1026.4,83.231,5.5193,33.88,1100.2,523.02,169.57,14.407,0.85083,68.23
1.3499,1026.5,85.32,5.5486,33.977,1100,522.58,169.51,14.458,0.91167,67.551
1.6283,1026.8,87.38,5.6216,34.228,1099.7,522.03,170.05,14.532,0.85702,66.73
1.7572,1026.8,89.309,5.648,34.13,1100,522,169.61,14.479,0.79606,66.164
1.8597,1026.7,89.783,4.5633,25.711,1087.8,543.74,141.56,12.371,1.6651,84.894
2.4281,1027.2,88.548,4.2141,23.4,1084.7,550.06,133.63,11.822,1.8937,87.987
2.9889,1027.4,86.657,4.2305,23.487,1085,550.04,133.66,11.835,1.9266,88.209
3.7768,1027.1,85.45,4.235,23.557,1085.5,550,133.67,11.868,2.6638,87.708
4.8568,1026.6,85.241,4.2766,23.685,1085.8,550.21,133.67,11.891,2.6577,87.534
5.5214,1026.2,84.358,4.248,23.757,1085.7,550,133.66,11.947,2.6442,86.596
5.3292,1026.1,84.902,4.2559,23.718,1086,549.77,133.94,11.913,1.9505,85.348
5.3256,1026.3,86.317,4.2588,23.659,1085.5,549.78,133.65,11.872,2.024,84.959
4.9795,1026,89.624,4.2644,23.706,1085.4,550.03,133.65,11.812,2.0064,84.074
5.0385,1026.1,91.528,4.3084,23.589,1085.3,550.12,133.65,11.734,1.8792,84.358
5.2707,1026,91.84,4.3684,23.716,1085.7,549.81,133.91,11.878,1.8745,84.425
5.7183,1025.9,91.114,4.3771,23.796,1085.6,550.23,133.64,11.94,2.0445,84.573
5.8282,1025.5,90.36,4.3489,23.718,1085.6,550.09,133.64,11.991,2.1005,84.883
6.0684,1025.3,88.106,4.3658,23.888,1084.9,549.28,133.6,11.836,2.1379,86.108
7.1127,1002.7,86.013,5.8328,34.339,1099.8,526.46,165.26,14.14,0.54695,70.941
5.7784,1003.7,93.379,6.0911,34.24,1100,526.59,166.17,14.208,0.54251,67.958
4.81,1004.1,97.778,6.3297,33.917,1099.9,527.54,165.77,14.067,0.60211,70.515
4.6623,1004.3,97.378,5.9814,32.597,1100.1,531.87,162.69,13.866,0.68622,74.704
5.1146,1004.3,92.546,5.627,32.039,1099.9,534,160.87,13.644,0.53977,76.791
5.501,1004.6,91.69,4.8109,26.603,1077.1,538.35,139.88,12.218,2.4735,87.657
5.5635,1004.8,89.247,3.809,19.942,1037,536.56,111.72,10.478,7.4461,94.82
5.3953,1005.2,87.762,3.7755,19.941,1036.2,535.8,111.71,10.582,7.9962,96.653
4.5505,1006,88.933,3.9371,21.346,1042.7,535.17,117.66,10.999,8.2055,98.3
3.5168,1006.6,88.01,5.1375,29.96,1100.2,540.89,156.45,13.212,0.13468,78.211
2.8258,1009.1,81.773,5.0467,29.647,1099.9,541.14,156.47,13.21,0.16464,79.371
2.4415,1009.9,78.145,5.3487,32.356,1100.1,532.17,163.36,13.773,0.45436,75.776
2.4212,1010.6,76.527,5.582,34.253,1100.3,525.98,168.1,14.224,0.37156,69.399
2.8924,1011.1,71.31,5.6204,34.576,1099.8,524.77,168.34,14.333,0.4134,69.346
3.4934,1011,65.821,5.6016,34.243,1099.7,525.41,167.37,14.298,0.23817,69.308
4.3653,1011.1,62.833,5.6479,34.297,1099.8,525.49,166.9,14.304,0.32682,69.382
5.047,1011.2,60.473,5.6191,33.817,1100.3,526.99,165.75,14.171,0.40845,70.735
5.4218,1011.7,58.536,5.6581,34.095,1100.2,525.79,166.14,14.277,0.50888,71.393
5.3312,1011.9,58.609,5.6487,33.959,1099.9,526.48,166,14.233,0.57949,71.15
5.0618,1012.3,63.82,5.7318,34.578,1100,524.98,167.04,14.351,0.48455,69.112
4.6693,1013.2,66.583,5.6072,33.897,1100.2,526.96,166.06,14.07,0.20707,69.516
4.2584,1013.8,71.23,5.7096,34.604,1100.2,524.89,167.56,14.253,0.44426,68.734
3.9148,1014.3,72.813,5.6597,34.19,1099.9,526.03,167.09,14.095,0.29035,68.593
3.6207,1014.8,73.495,5.7366,34.665,1100.2,524.64,168.2,14.359,0.19987,67.275
3.2349,1014.9,76.365,5.7675,35.018,1099.8,523.49,169.37,14.338,0.22202,65.508
3.0792,1015,75.744,3.8393,21.085,1065.2,548.79,122.56,10.944,2.5155,89.202
3.0143,1015.4,76.07,3.7105,20.195,1035.7,533.7,112.08,10.582,9.3627,117.02
2.7754,1015.6,78.744,3.7347,20.207,1039.7,536.12,113.17,10.61,7.6657,115.11
2.4809,1015.7,80.05,3.7713,20.257,1037.4,534.47,112.81,10.661,9.4847,116.63
2.3309,1015.5,80.897,3.8139,20.305,1036.1,533.38,112.91,10.699,9.7298,118.63
1.2954,1016.7,87.518,5.4587,31.887,1089.3,527.39,157.35,13.558,1.8295,80.546
2.445,1017,85.33,5.7968,34.371,1100.2,525.21,167.09,14.218,0.16554,64.779
3.9659,1017.2,75.696,5.7577,34.366,1099.8,525.5,166.12,14.237,0.54175,68.277
5.27,1017.4,66.096,5.7214,33.682,1100.2,527.79,164.56,14.083,0.93377,71.37
6.1424,1017.1,63.355,5.7979,34.058,1100.1,526.56,164.91,14.154,0.61554,68.593
6.4672,1016.8,61.492,5.7576,33.922,1099.8,526.75,164.78,14.155,0.32738,67.265
6.5781,1016.8,63.544,5.8373,34.494,1100.1,524.99,165.83,14.299,0.28487,66.407
6.5522,1017,66.598,5.7645,33.985,1100,526.59,164.98,14.159,0.55706,66.762
6.5265,1017,66.014,5.8137,34.278,1100.2,525.66,165.41,14.261,0.49822,66.752
6.6011,1017.4,67.819,5.7632,33.99,1099.8,526.63,164.86,14.06,0.20734,66.685
6.1482,1017.9,75.751,5.7282,34.11,1100.1,525.91,165.66,14.16,0.21234,65.143
4.9249,1018.4,87.409,5.7911,33.898,1100.1,526.26,166.22,14.157,0.21235,63.393
4.2008,1018.7,92.616,6.0085,34.299,1100.2,524.69,167.28,14.319,0.2238,62.05
3.9947,1019,94.028,5.9859,34.269,1100,524.97,167.4,14.303,0.37583,61.567
4.0597,1019.3,93.768,6.1618,34.89,1099.9,523.13,168.52,14.429,0.47602,62.044
3.9213,1019.6,92.828,6.1617,34.506,1100.1,524.19,168.09,14.419,0.24562,62.677
3.7667,1020,92.377,4.7229,24.876,1084.7,547.4,138.22,12.01,1.3866,86.035
3.6891,1020.4,92.993,4.6028,23.558,1081.2,549.97,131.01,11.692,1.8413,92.574
4.0969,1023.8,92.221,4.8842,25.122,1090.2,549.74,139.58,12.06,1.0681,85.099
4.9549,1024.3,94.797,4.8838,24.16,1084.8,550.17,133.67,11.838,1.8044,87.664
6.2545,1024,92.495,4.6568,24.184,1084.5,549.89,133.98,11.945,1.2581,84.861
7.3431,1024,87.598,5.9796,34.051,1100,526.28,163.68,14.21,0.30351,64.134
7.7227,1024,84.37,5.9082,33.911,1099.8,526.52,163.39,14.271,0.137,62.44
8.3036,1024,82.088,5.8139,33.688,1100.1,527.25,162.6,14.141,0.58993,63.833
8.472,1024.3,80.203,5.765,33.669,1100.1,527.25,163.02,14.167,0.66281,64.302
8.3054,1024.3,79.991,5.7431,33.698,1099.6,527.41,163.6,14.025,0.63979,63.429
7.5717,1024.6,81.792,5.4754,32.009,1100.1,532.7,160.33,13.754,0.26906,66.238
7.248,1025,82.843,5.8643,34.398,1100,524.69,165.44,14.292,0.20418,62.265
6.9269,1025.6,83.776,5.8421,34.069,1100,525.79,165.29,14.226,0.20921,60.36
6.0407,1026.2,85.215,5.2362,29.529,1091.9,536.07,151.49,13.09,0.59196,70.855
5.3375,1026.6,87.612,4.4604,23.771,1083.1,549.99,133.97,11.82,1.209,83.829
4.7007,1027,88.316,4.4897,23.976,1084.3,549.9,135.09,11.86,1.1756,82.885
4.0485,1027.3,89.694,6.2191,34.952,1100,522.74,168.62,14.369,0.24334,59.54
3.5532,1027.3,90.871,4.2162,21.464,1041.2,531.68,117.76,10.984,8.8254,106.84
4.0228,1028.2,87.146,6.1332,35.47,1099.2,520.62,168.58,14.463,0.56227,63.202
4.3023,1028.5,91.175,5.8956,33.052,1099.9,528.66,164.06,13.982,0.2083,63.338
5.8738,1028.6,93.5,5.9986,33.94,1100,525.67,164.34,14.224,0.33081,64.058
8.4404,1028.5,82.721,5.728,33.345,1099.9,527.63,162.18,14.076,1.1106,70.231
9.5155,1028.5,74.714,5.8194,33.627,1099.8,526.77,162.34,14.123,1.9864,72.275
9.9104,1028.3,75.003,5.7065,33.274,1099.9,527.78,161.69,14.048,0.85537,67.522
10.055,1027.9,73.821,5.7511,33.421,1100.1,527.77,161.88,14.068,0.23124,64.092
10.137,1027.5,69.57,5.6988,33.164,1099.8,528.02,161.22,13.941,0.23666,65.883
10.25,1027.3,70.797,5.7276,33.459,1100.1,527.49,161.64,14.043,0.29719,64.742
9.7506,1027.2,74.842,5.7387,33.46,1100,527.23,162.04,13.991,0.20815,64.114
9.0844,1027.5,80.66,5.7846,33.807,1099.8,526.34,162.95,14.09,0.22763,64.073
8.5527,1027.7,80.698,5.8252,33.896,1099.8,526.15,164.32,14.151,0.31711,63.789
7.6729,1027.9,80.831,5.8349,34.054,1100.1,525.35,164.75,14.218,0.3178,63.854
6.6798,1028.2,82.792,5.9337,34.658,1099.8,523.76,166.89,14.334,0.20717,63.054
5.5429,1028.2,86.266,5.2589,29.178,1100,541.6,154.53,13.157,0.49408,78.825
4.9102,1028.3,88.475,5.5797,31.045,1099.9,535.46,159.53,13.613,0.29718,70.389
4.8649,1028.3,88.406,5.9784,34.123,1099.9,525.18,166.1,14.232,0.30244,64.413
4.72,1028.2,88.049,6.0275,34.719,1100,523.05,167.75,14.45,0.25392,61.866
4.567,1028.1,87.829,6.1062,35.21,1099.9,521.71,168.67,14.497,0.21099,61.074
4.5357,1027.9,87.14,6.0283,34.537,1100.1,523.67,167.51,14.363,0.34463,62.589
4.493,1027.8,86.853,6.0196,34.803,1100,522.59,167.9,14.41,0.48805,63.303
4.3607,1027.8,87.073,5.9956,34.562,1100.1,523.72,167.74,14.367,0.45674,61.88
4.1392,1027.9,87.807,6.06,34.931,1100,522.12,168.73,14.429,0.42799,63.739
4.2432,1028.3,88.888,5.9882,34.307,1099.8,524.38,167.42,14.232,0.34755,62.455
5.0159,1028.7,90.759,6.0522,34.567,1100,523.47,166.9,14.358,0.28401,61.866
7.0302,1028.8,92.536,5.9023,33.667,1100.3,526.94,163.28,14.252,0.52608,64.014
9.4356,1029.1,88.825,5.8615,33.486,1099.9,527.11,161.83,14.113,0.93148,68.044
10.321,1029.1,84.519,5.7759,33.104,1100.2,528.33,160.99,14.082,1.9359,71.891
10.856,1028.8,77.456,5.7819,33.35,1100.2,527.5,161.28,14.109,1.0832,66.842
11.063,1028.1,72.093,5.6287,32.426,1100,530.88,159.35,13.787,0.33067,67.067
10.937,1027.8,72.293,5.7466,33.269,1100.1,528.05,161.02,14.07,0.022309,63.956
10.97,1027.9,70.369,5.7041,33.034,1100.1,528.84,160.43,14.061,0.31679,65.852
11.166,1027.8,64.939,5.7351,33.412,1100.2,527.84,161.06,14.111,0.38951,66.111
10.467,1027.8,68.543,5.6806,33.226,1100,528.31,161.21,13.981,0.5296,66.166
9.6933,1028,71.04,5.6749,33.278,1100.1,528.14,161.84,14.031,0.48826,65.286
8.7432,1028.3,76.21,5.7573,33.599,1100,526.64,163.38,14.177,0.35233,63.639
7.8701,1028.2,83.911,5.94,33.949,1100.2,525.18,164.76,14.304,0.26134,61.73
7.2747,1028.2,87.221,5.9849,33.744,1099.9,526,164.75,14.176,0.23008,62.014
6.7789,1028.1,89.597,6.1297,34.38,1100,524.1,166.15,14.343,0.25776,61.446
6.5287,1027.7,91.693,6.2008,34.196,1099.9,524.72,165.79,14.388,0.2137,60.237
6.5382,1027.5,93.354,6.2357,34.076,1099.9,524.78,165.46,14.266,0.29323,61.735
6.3957,1027.2,93.991,6.2492,33.742,1100,525.79,165.12,14.26,0.20343,63.371
6.402,1027,95.013,4.4824,21.882,1056.8,539.89,120.58,11.298,5.335,113.26
6.8741,1026.6,93.793,4.0591,19.438,1053.7,546.88,111.95,10.621,5.1742,112.67
7.2455,1026.4,91.936,4.0152,19.447,1053.1,546.81,111.2,10.539,5.5441,117.86
7.3387,1026.2,90.654,4.0212,19.581,1049.8,544.62,110.71,10.565,6.4154,119.79
