,Price,Age_08_04,KM,HP,cc,Doors,Gears,Quarterly_Tax,Weight
0,13500,23,46986,90,2000,3,5,210,1165
1,13750,23,72937,90,2000,3,5,210,1165
2,13950,24,41711,90,2000,3,5,210,1165
3,14950,26,48000,90,2000,3,5,210,1165
4,13750,30,38500,90,2000,3,5,210,1170
5,12950,32,61000,90,2000,3,5,210,1170
6,16900,27,94612,90,2000,3,5,210,1245
7,18600,30,75889,90,2000,3,5,210,1245
8,21500,27,19700,192,1800,3,5,100,1185
9,12950,23,71138,69,1900,3,5,185,1105
10,20950,25,31461,192,1800,3,6,100,1185
11,19950,22,43610,192,1800,3,6,100,1185
12,19600,25,32189,192,1800,3,6,100,1185
13,21500,31,23000,192,1800,3,6,100,1185
14,22500,32,34131,192,1800,3,6,100,1185
15,22000,28,18739,192,1800,3,6,100,1185
16,22750,30,34000,192,1800,3,5,100,1185
17,17950,24,21716,110,1600,3,5,85,1105
18,16750,24,25563,110,1600,3,5,19,1065
19,16950,30,64359,110,1600,3,5,85,1105
20,15950,30,67660,110,1600,3,5,85,1105
21,16950,29,43905,110,1600,3,5,100,1170
22,15950,28,56349,110,1600,3,5,85,1120
23,16950,28,32220,110,1600,3,5,85,1120
24,16250,29,25813,110,1600,3,5,85,1120
25,15950,25,28450,110,1600,3,5,85,1120
26,17495,27,34545,110,1600,3,5,85,1120
27,15750,29,41415,110,1600,3,5,85,1120
28,16950,28,44142,110,1600,3,5,85,1120
29,17950,30,11090,110,1600,3,5,85,1120
30,12950,29,9750,97,1400,3,5,19,1100
31,15750,22,35199,97,1400,3,5,85,1100
32,15950,27,29510,97,1400,3,5,85,1100
33,14950,26,32692,97,1400,3,5,85,1100
34,15500,22,41000,97,1400,3,5,85,1100
35,15750,26,43000,97,1400,3,5,85,1100
36,15950,25,25000,97,1400,3,5,85,1100
37,14950,23,10000,97,1400,3,5,85,1100
38,15750,32,25329,97,1400,3,5,85,1100
39,14750,27,27500,97,1400,3,5,85,1100
40,13950,22,49059,97,1400,3,5,85,1100
41,16750,27,44068,97,1400,3,5,85,1100
42,13950,22,46961,97,1400,3,5,85,1100
43,16950,27,110404,90,2000,5,5,234,1255
44,16950,22,100250,90,2000,5,5,234,1255
45,19000,23,84000,90,2000,5,5,234,1270
46,17950,27,79375,90,2000,5,5,234,1255
47,15800,22,75048,97,1400,5,5,85,1110
48,17950,22,72215,90,2000,5,5,234,1255
49,21950,31,64982,192,1800,5,6,100,1195
50,17950,22,62636,90,2000,5,5,234,1255
51,15750,30,57086,97,1400,5,5,85,1110
52,20500,26,56000,110,1600,5,5,100,1180
53,21950,27,49866,192,1800,5,5,100,1195
54,15500,25,49163,110,1600,5,5,100,1165
55,13250,32,45725,110,1600,5,5,85,1075
56,15250,28,43210,97,1400,5,5,85,1110
57,15250,26,43000,97,1400,5,5,85,1110
58,18950,23,39704,110,1600,5,5,100,1180
59,15999,30,38950,110,1600,5,5,85,1130
60,14950,22,37400,97,1400,5,5,85,1110
61,16500,27,37177,110,1600,5,5,85,1130
62,18750,31,36544,110,1600,5,5,85,1130
63,17950,30,33511,110,1600,5,5,85,1130
64,17950,27,32809,97,1400,5,5,85,1110
65,16950,26,32181,110,1600,5,5,19,1075
66,18950,28,30993,110,1600,5,5,85,1130
67,14950,22,30400,97,1400,5,5,85,1110
68,22250,22,30000,110,2000,5,5,234,1275
69,15950,25,29719,97,1400,5,5,85,1110
70,15950,28,29206,97,1400,5,5,85,1110
71,12995,32,29198,97,1400,5,5,85,1060
72,18950,28,28817,110,1598,5,5,85,1130
73,15750,23,28227,97,1400,5,5,85,1110
74,19950,28,28000,110,1600,5,5,85,1130
75,16950,23,28000,110,1600,5,5,85,1115
76,18750,31,25266,110,1600,5,5,85,1130
77,18450,27,23489,110,1600,5,5,85,1115
78,16895,29,22575,110,1600,5,5,85,1115
79,14900,30,22000,97,1400,5,5,85,1110
80,17250,29,20000,110,1600,5,5,85,1115
81,15450,25,17003,97,1400,5,5,85,1110
82,17950,31,16238,110,1600,5,5,100,1180
83,16650,25,15414,97,1400,5,5,85,1110
84,17450,28,8537,110,1600,5,5,85,1130
85,14900,30,7000,97,1400,5,5,85,1100
86,17950,20,66966,90,2000,3,5,210,1245
87,15950,19,51884,97,1400,3,5,85,1100
88,21950,19,50005,110,2000,3,5,234,1265
89,16450,20,48110,97,1400,3,5,85,1100
90,22250,20,37500,90,2000,3,5,234,1260
91,19950,16,34472,90,1995,3,5,234,1260
92,15950,20,33329,97,1400,3,5,85,1100
93,18900,20,31850,110,1600,3,5,85,1120
94,19950,17,30351,90,1995,3,5,234,1260
95,15950,19,29435,97,1400,3,5,85,1100
96,15950,19,25948,97,1400,3,5,85,1100
97,18750,11,24500,110,1600,3,5,85,1120
98,17450,18,23902,97,1400,3,5,85,1100
99,18990,20,23175,110,1600,3,5,85,1120
100,16250,19,19200,97,1400,3,5,85,1100
101,18500,13,18000,71,1400,3,5,85,1125
102,18500,11,16123,110,1600,3,5,85,1105
103,19450,11,14635,110,1600,3,5,100,1155
104,16950,19,13748,97,1400,3,5,85,1100
105,18800,14,11500,110,1600,3,5,69,1045
106,17450,17,10000,97,1400,3,5,85,1100
107,17950,20,7187,110,1600,3,5,85,1105
108,32500,4,1,116,2000,5,5,283,1480
109,31000,4,4000,116,2000,5,5,283,1480
110,31275,4,1500,116,2000,5,5,283,1480
111,24950,8,13253,116,2000,5,5,234,1320
112,24950,8,13253,116,2000,5,5,234,1320
113,22950,7,10000,116,2000,5,5,234,1270
114,24990,8,6000,90,2000,5,5,234,1280
115,21950,8,10841,90,2000,5,5,234,1270
116,17900,7,1,110,1600,3,5,85,1105
117,19250,20,63000,90,2000,5,5,234,1255
118,22250,17,57313,110,2000,5,5,234,1275
119,18950,13,57037,110,1600,5,5,85,1115
120,19950,19,51099,90,2000,5,5,234,1255
121,16350,14,40010,110,1600,5,5,85,1115
122,18950,20,39115,110,1600,5,5,85,1130
123,16950,17,36012,110,1600,5,5,85,1130
124,21750,16,36000,110,1600,5,5,85,1130
125,15950,20,36000,110,1600,5,5,19,1075
126,16500,20,35000,97,1400,5,5,85,1110
127,17950,17,33740,97,1400,5,5,85,1135
128,15850,13,33477,110,1600,5,5,19,1075
129,16250,20,32627,97,1400,5,5,85,1110
130,15950,20,29797,97,1400,5,5,85,1110
131,16250,19,29441,97,1400,5,5,85,1110
132,15950,13,29371,110,1600,4,5,19,1105
133,16500,20,29000,97,1400,5,5,85,1110
134,16500,19,27821,97,1400,5,5,85,1110
135,18450,19,27371,97,1400,5,5,85,1135
136,16250,13,25170,110,1600,5,5,19,1105
137,23000,11,25000,116,2000,5,5,64,1320
138,19900,20,23000,110,1600,5,5,85,1130
139,16450,20,22588,97,1400,5,5,85,1110
140,23950,19,21684,192,1800,5,5,19,1185
141,19950,13,21428,110,1600,5,5,85,1130
142,18500,16,20629,110,1600,4,5,85,1090
143,18950,15,20270,110,1600,5,5,85,1130
144,16450,16,20105,97,1400,5,5,85,1110
145,20500,20,20000,110,1600,5,5,100,1165
146,24500,13,19988,110,1600,5,5,85,1130
147,19450,19,18328,110,1600,5,5,85,1130
148,20950,14,17896,110,1600,4,5,85,1150
149,17200,20,17300,97,1400,5,5,85,1110
150,19950,19,17038,110,1600,5,5,85,1130
151,18450,10,13747,97,1400,5,5,85,1110
152,19500,12,13634,110,1600,5,5,85,1115
153,21750,13,13178,110,1600,5,5,85,1130
154,16868,15,13157,97,1400,4,5,85,1085
155,19500,16,13000,110,1600,4,5,85,1105
156,18900,11,12500,110,1600,5,5,85,1115
157,19750,17,11999,110,1600,5,5,85,1130
158,19750,16,11754,110,1600,5,5,100,1180
159,18950,16,11000,110,1600,4,5,85,1105
160,20750,17,10000,110,1598,5,5,85,1105
161,19600,9,7650,110,1600,5,5,85,1115
162,19500,14,6500,110,1600,4,5,85,1100
163,17650,11,6155,97,1400,5,5,85,1110
164,19950,14,6000,110,1600,5,5,85,1130
165,19950,14,5459,110,1600,5,5,85,1130
166,20950,14,5278,110,1600,4,5,85,1150
167,20500,12,5000,110,1600,5,5,85,1130
168,17795,9,1,98,1400,4,5,19,1065
169,18245,9,1,110,1600,5,5,19,1075
170,23750,8,11000,110,1600,5,5,85,1130
171,19500,8,10077,97,1400,5,5,85,1110
172,18950,8,10000,97,1400,5,5,85,1110
173,21950,8,9788,110,1600,5,5,85,1130
174,19950,8,8574,110,1600,5,5,85,1130
175,18950,8,7000,110,1600,5,5,85,1115
176,19950,7,6250,110,1600,5,5,85,1115
177,21950,8,5000,110,1600,5,5,85,1130
178,22500,6,3000,110,1600,5,5,85,1130
179,18500,7,2000,110,1600,5,5,19,1075
180,18700,7,450,97,1400,5,5,85,1110
181,21125,2,225,97,1400,5,5,85,1110
182,21500,2,15,110,1600,5,5,85,1130
183,17795,1,1,98,1400,4,5,19,1100
184,18245,1,1,110,1600,5,5,19,1075
185,6950,43,243000,69,1900,3,5,185,1110
186,9500,38,180638,90,2000,4,5,210,1160
187,11950,40,179860,90,2000,5,5,210,1205
188,7750,43,178858,110,1600,3,5,197,1084
189,11950,40,161000,69,1900,3,5,185,1105
190,4350,44,158320,69,1800,5,5,64,1110
191,4750,44,131273,69,1800,5,5,64,1110
192,11750,40,130062,69,1900,5,5,185,1140
193,13250,41,123425,69,1900,5,5,185,1140
194,11950,37,118217,110,1600,5,5,85,1075
195,11900,44,110000,69,1900,5,5,185,1095
196,14750,39,108847,90,2000,5,5,210,1205
197,9950,42,105699,97,1400,3,5,69,1025
198,11950,39,98823,110,1600,5,5,197,1119
199,11495,44,96829,110,1600,5,5,85,1075
200,11250,40,96518,97,1400,3,5,69,1025
201,10500,42,92204,110,1600,5,5,85,1075
202,10450,35,91456,69,1900,3,5,185,1110
203,12950,43,89968,69,1900,5,5,185,1140
204,11500,44,89757,110,1600,3,5,69,1045
205,12500,40,85389,110,1600,5,5,85,1075
206,10950,43,85017,97,1400,5,5,85,1060
207,11450,41,84312,110,1600,5,5,85,1080
208,11950,37,82743,110,1600,5,5,197,1121
209,13250,41,81106,69,1900,5,5,185,1140
210,14750,40,80425,90,2000,5,5,210,1205
211,11790,34,78677,110,1600,5,5,85,1105
212,11450,40,78425,110,1600,5,5,85,1075
213,13500,33,78108,90,2000,3,5,210,1170
214,10950,33,77321,110,1600,5,5,85,1075
215,13500,33,75699,69,1900,3,5,185,1105
216,10950,41,75697,97,1400,3,5,69,1025
217,10950,44,74846,97,1400,3,5,69,1025
218,12950,38,74319,110,1600,5,5,85,1075
219,11950,43,74285,110,1600,5,5,85,1075
220,11950,40,73042,110,1598,5,5,85,1075
221,14950,44,71793,110,1600,4,5,197,1067
222,12450,35,71200,110,1600,5,5,85,1075
223,12950,38,67805,110,1600,5,5,85,1075
224,11950,35,65988,110,1600,3,5,69,1040
225,11690,34,65345,97,1400,5,5,85,1060
226,12450,42,64564,110,1600,5,5,85,1080
227,12750,36,63459,97,1400,5,5,85,1060
228,11925,44,63451,97,1400,3,5,69,1025
229,12950,33,62000,110,1600,5,5,19,1075
230,11950,42,61300,97,1400,3,5,69,1030
231,12900,41,61200,110,1600,3,5,69,1045
232,11900,41,61000,110,1600,5,5,85,1075
233,11650,38,60829,110,1600,5,5,85,1075
234,10950,44,60500,110,1600,5,5,85,1075
235,13950,35,59500,69,1900,3,5,64,1110
236,13950,44,59000,110,1600,5,5,85,1110
237,11950,40,58954,110,1600,5,5,85,1080
238,10950,38,58798,110,1600,5,5,85,1075
239,12450,38,58363,110,1600,3,5,85,1055
240,11950,43,58277,110,1600,3,5,69,1045
241,13500,33,57711,90,2000,3,5,210,1165
242,11690,33,57269,110,1600,5,5,85,1075
243,13500,39,56001,110,1600,5,5,85,1075
244,11950,42,55968,110,1600,3,5,69,1050
245,12900,39,55678,110,1600,4,5,69,1030
246,13500,43,55539,110,1600,5,5,85,1085
247,11750,42,55400,110,1600,5,5,85,1075
248,11750,33,55350,110,1600,5,5,85,1075
249,10850,43,54600,110,1600,4,5,69,1030
250,11750,43,53773,110,1600,5,5,85,1075
251,14950,42,53719,110,1600,5,5,85,1105
252,9940,39,53644,110,1600,5,5,19,1075
253,12900,42,53350,110,1600,5,5,85,1075
254,13500,38,53000,110,1600,5,5,85,1075
255,11750,44,52084,97,1400,3,5,69,1025
256,11950,44,52000,97,1400,3,5,69,1025
257,13450,33,51945,110,1600,5,5,85,1075
258,11950,41,51732,97,1400,3,5,69,1025
259,12495,39,50873,110,1600,5,5,85,1075
260,13500,41,50856,110,1600,4,5,69,1030
261,12750,40,50640,110,1600,5,5,85,1075
262,12000,39,50000,97,1400,5,5,85,1060
263,11950,38,49500,110,1600,5,5,85,1075
264,12495,44,49332,110,1600,5,5,85,1080
265,12450,34,49291,110,1600,3,5,69,1040
266,14750,40,48952,90,2000,5,5,210,1205
267,10950,39,48945,110,1600,3,5,69,1040
268,13500,33,48928,69,1900,3,5,185,1105
269,12950,38,48197,110,1600,5,5,85,1075
270,13500,35,48052,69,1900,3,5,185,1105
271,13450,34,48011,110,1600,4,5,69,1030
272,13500,43,48000,110,1600,5,5,85,1075
273,11480,41,47350,110,1600,5,5,85,1075
274,13450,39,46821,97,1400,5,5,85,1060
275,11495,39,46694,110,1600,3,5,69,1040
276,12750,43,46515,97,1400,5,5,69,1025
277,14990,38,46327,110,1600,3,5,85,1055
278,12950,35,46304,97,1400,5,5,85,1060
279,12950,40,45886,110,1600,5,5,85,1080
280,12850,39,45713,97,1400,5,5,19,1085
281,13950,40,45600,110,1600,5,5,85,1105
282,11950,41,45287,110,1600,5,5,85,1075
283,12950,39,45081,110,1600,5,5,85,1075
284,11700,40,44830,110,1600,5,5,85,1075
285,9950,37,44757,97,1400,3,5,69,1025
286,11895,44,44218,97,1400,5,5,85,1060
287,12950,43,43632,110,1600,5,5,85,1075
288,12500,36,43427,110,1600,3,5,69,1040
289,13875,39,43254,110,1600,5,5,85,1075
290,10500,35,43000,110,1600,3,5,69,1050
291,12295,33,42823,110,1600,5,5,85,1075
292,13950,42,42560,110,1600,5,5,85,1080
293,10950,38,41754,110,1600,3,5,69,1040
294,12950,44,41499,110,1600,5,5,197,1103
295,12850,40,41339,110,1600,5,5,85,1080
296,13995,35,41000,110,1600,5,5,85,1075
297,13750,39,40000,110,1600,3,5,85,1055
298,12750,37,39757,110,1600,5,5,85,1075
299,12500,41,39659,110,1600,3,5,69,1045
300,13950,43,39650,110,1600,3,5,85,1055
301,11500,39,39524,97,1398,3,5,69,1025
302,13950,44,39516,97,1400,5,5,85,1060
303,11895,41,39439,97,1400,5,5,85,1060
304,9950,44,39000,97,1400,3,5,69,1025
305,13500,42,38932,110,1600,3,5,69,1040
306,11450,37,38812,97,1400,3,5,69,1025
307,12450,42,38665,110,1600,5,5,85,1075
308,12950,40,38653,110,1600,5,5,85,1080
309,13995,44,38461,110,1600,5,5,85,1080
310,11750,42,38078,97,1400,3,5,69,1025
311,11650,39,37782,97,1400,5,5,85,1060
312,9950,43,37576,97,1400,3,5,69,1030
313,13950,41,37533,110,1600,5,5,85,1075
314,12950,44,37389,110,1600,5,5,85,1080
315,10950,38,37320,97,1400,3,5,69,1025
316,9900,42,37000,97,1400,3,5,69,1025
317,11950,44,37000,110,1600,4,5,19,1075
318,11990,40,36566,110,1600,5,5,85,1090
319,10750,36,36269,110,1600,5,5,85,1075
320,13950,37,36074,110,1600,5,5,19,1075
321,11250,44,36066,110,1600,3,5,69,1040
322,12950,39,34599,110,1600,5,5,85,1075
323,11950,41,34000,110,1600,5,5,85,1075
324,10950,42,33623,97,1400,3,5,69,1025
325,12950,33,33591,110,1600,5,5,85,1075
326,12950,35,33258,110,1600,5,5,85,1075
327,11695,43,33113,110,1600,5,5,85,1075
328,11000,41,33000,110,1600,5,6,19,1075
329,13950,35,32941,110,1600,5,5,85,1080
330,11950,38,32781,110,1600,5,5,85,1075
331,11750,40,32532,110,1600,3,5,69,1040
332,12400,34,32431,97,1400,5,5,85,1060
333,12500,35,32000,110,1600,3,5,69,1040
334,12900,33,31000,110,1600,5,5,19,1075
335,12200,41,30989,110,1600,3,5,69,1045
336,12750,43,30742,110,1600,3,5,69,1040
337,11950,42,30190,110,1600,5,5,85,1075
338,11900,41,29716,116,1600,5,5,85,1075
339,11950,44,29716,110,1600,3,5,85,1070
340,14950,42,29640,110,1600,3,5,85,1055
341,11950,41,29056,97,1400,5,5,85,1060
342,12950,33,28715,110,1600,5,5,85,1075
343,14950,41,28571,110,1600,5,5,85,1090
344,13450,40,28362,110,1600,3,5,69,1040
345,13750,38,28150,110,1600,5,5,85,1075
346,12950,43,27301,110,1600,3,5,69,1040
347,12750,33,27240,110,1600,5,5,85,1075
348,11895,39,27170,97,1400,5,5,85,1060
349,9950,42,27141,97,1400,5,5,85,1060
350,12450,38,26262,110,1600,5,5,85,1075
351,12500,38,26000,97,1400,5,5,85,1060
352,14950,43,25228,110,1600,3,5,69,1045
353,13750,39,25062,110,1600,5,5,85,1080
354,12695,39,24723,110,1600,4,5,85,1060
355,14990,33,24650,110,1600,3,5,85,1055
356,12750,43,24553,110,1600,5,5,85,1080
357,14350,41,24475,110,1600,5,5,69,1030
358,12950,39,24444,110,1600,3,5,69,1040
359,11500,35,24011,97,1400,3,5,69,1025
360,11950,41,24000,97,1400,3,5,69,1025
361,13450,40,23616,110,1600,5,5,85,1075
362,12900,38,22865,110,1600,5,5,85,1075
363,10500,41,22780,86,1300,5,5,69,1035
364,10950,35,21904,97,1400,3,5,69,1025
365,11950,41,21651,97,1400,3,5,69,1025
366,11450,37,21500,110,1600,5,5,69,1030
367,13250,44,21027,110,1600,5,5,85,1080
368,10250,39,18500,110,1600,4,5,69,1030
369,13995,35,18000,110,1600,5,5,85,1075
370,11950,40,17051,97,1400,5,5,85,1060
371,13250,33,16512,97,1400,5,5,19,1085
372,12950,40,16325,110,1600,5,5,85,1080
373,11750,38,16000,97,1400,5,5,85,1060
374,11500,39,12000,110,1600,5,5,85,1075
375,13500,43,10000,97,1400,5,5,85,1060
376,6500,53,216000,69,1900,3,5,185,1110
377,6400,51,198167,69,1900,4,5,185,1095
378,7000,53,176000,69,1900,3,5,185,1105
379,7750,54,174139,72,2000,4,5,185,1100
380,8900,45,174000,69,1900,5,5,185,1095
381,8500,55,150000,110,1600,3,5,72,1075
382,8950,54,149329,72,2000,5,5,185,1135
383,9900,51,146736,110,1600,5,5,85,1080
384,10250,53,143513,69,1900,5,5,185,1140
385,9250,48,142130,110,1600,5,5,197,1119
386,7750,48,140700,69,1900,5,5,64,1110
387,9450,54,138394,69,1900,4,5,185,1095
388,7750,55,137000,72,2000,5,5,185,1135
389,8250,52,135258,69,1900,5,5,185,1140
390,9950,49,131364,110,1600,5,5,85,1075
391,4450,56,129155,69,1800,5,5,64,1110
392,9950,50,126110,110,1600,3,5,85,1055
393,9000,48,119742,110,1600,5,5,85,1080
394,9950,53,117913,69,1900,5,5,64,1110
395,12450,47,117430,90,2000,3,5,210,1165
396,10500,55,117175,110,1600,4,5,69,1035
397,10750,54,115558,110,1600,4,5,69,1035
398,8950,53,115113,97,1400,3,5,69,1025
399,10500,54,115046,69,1900,5,5,185,1140
400,5150,56,113997,72,2000,5,5,64,1135
401,10950,49,107859,97,1400,5,5,85,1060
402,9450,52,104805,97,1400,3,5,69,1025
403,9950,54,103454,110,1600,5,5,85,1075
404,10950,51,103018,69,1900,5,5,185,1140
405,11900,47,102352,110,1600,5,5,85,1080
406,9950,50,102030,97,1400,5,5,85,1060
407,11950,54,101352,110,1600,5,5,85,1080
408,7900,50,99865,110,1600,4,5,69,1035
409,10950,52,99323,110,1600,3,5,85,1055
410,8950,48,98100,69,1900,5,5,185,1140
411,11950,51,98040,110,1600,5,5,85,1080
412,10900,49,97600,110,1600,3,5,69,1045
413,9950,55,97234,110,1600,5,5,85,1080
414,9950,51,96135,72,2000,3,5,185,1115
415,10950,54,96100,110,1600,5,5,85,1080
416,8950,55,94401,72,2000,3,5,185,1115
417,8950,55,94122,86,1300,3,5,69,1015
418,10500,49,91340,110,1600,3,5,85,1055
419,8950,53,90200,97,1400,3,5,69,1025
420,9250,53,90097,69,1900,5,5,185,1140
421,11500,48,89049,97,1400,5,5,85,1060
422,9750,52,89000,110,1600,5,5,85,1075
423,9950,45,87274,110,1600,3,5,69,1040
424,11450,49,86221,110,1600,3,5,69,1045
425,12500,54,84598,110,1600,5,5,19,1075
426,10500,50,83567,110,1600,5,5,85,1075
427,12950,50,83106,110,1600,5,5,85,1075
428,12200,50,82805,110,1600,3,5,69,1040
429,10950,50,82735,97,1400,3,5,69,1030
430,10950,54,81905,110,1600,5,5,19,1105
431,11290,49,80320,110,1600,3,5,85,1070
432,10750,49,80090,97,1400,3,5,69,1030
433,10895,53,79800,110,1600,5,5,85,1075
434,11500,47,78785,110,1600,5,5,197,1119
435,9750,48,78600,110,1600,5,5,85,1075
436,10250,55,77780,110,1600,3,5,69,1040
437,12500,49,77648,110,1600,4,5,69,1030
438,11950,54,77270,110,1600,4,5,69,1035
439,10750,50,76167,97,1400,5,5,85,1060
440,11450,46,75249,110,1600,4,5,69,1035
441,11950,54,75231,110,1600,5,5,85,1080
442,11750,48,75045,110,1600,3,6,85,1055
443,10950,50,74849,110,1600,4,5,85,1060
444,11950,55,74715,110,1600,5,5,85,1080
445,10995,49,74656,69,1900,3,5,185,1105
446,11450,56,74500,97,1400,3,5,69,1025
447,8900,49,74494,110,1600,5,5,85,1075
448,10500,50,73634,110,1587,5,5,85,1075
449,11750,47,73403,110,1600,5,5,85,1075
450,11450,49,73175,97,1400,3,5,69,1030
451,12000,52,73000,110,1600,3,5,85,1055
452,11950,50,72242,110,1600,3,5,85,1070
453,9850,53,72000,97,1400,3,5,69,1025
454,10950,54,71725,110,1600,4,5,69,1035
455,10950,54,71276,110,1600,5,5,85,1080
456,8695,50,70440,69,1900,3,5,185,1105
457,10990,53,70239,110,1600,3,5,69,1040
458,9500,55,69813,97,1400,3,5,69,1025
459,11950,49,69659,86,1300,3,6,69,1025
460,10750,46,69574,97,1400,5,5,85,1065
461,8750,47,69000,69,1900,5,5,185,1140
462,8750,49,68565,110,1600,4,5,69,1030
463,11450,55,68520,72,2000,3,5,185,1115
464,9950,46,68414,97,1400,3,5,69,1025
465,11950,56,66777,110,1600,5,5,85,1090
466,13950,52,66527,110,1600,5,5,85,1080
467,11250,54,66063,110,1600,5,5,85,1090
468,10900,50,65471,97,1400,5,5,85,1060
469,9750,56,65400,97,1400,3,5,69,1025
470,9950,52,65170,97,1400,3,5,69,1025
471,11950,56,65000,110,1600,5,5,19,1075
472,10450,48,64193,110,1600,3,5,69,1040
473,8950,54,64000,97,1400,3,5,69,1025
474,10250,54,63792,110,1600,5,5,85,1075
475,9930,53,63635,110,1600,4,5,69,1035
476,10500,54,63135,110,1600,3,5,69,1050
477,11950,54,63123,110,1600,4,5,69,1035
478,11500,48,63000,69,1900,5,5,185,1140
479,11500,55,63000,110,1600,4,5,69,1035
480,11450,54,62987,110,1600,5,5,85,1080
481,9900,56,62751,110,1600,3,5,69,1050
482,9500,54,62519,97,1400,3,5,69,1025
483,10500,50,62280,97,1400,5,5,85,1060
484,10750,50,61672,110,1600,5,5,85,1075
485,8950,54,61000,69,2000,5,5,185,1140
486,12000,56,61000,110,1600,3,5,69,1050
487,9940,53,60558,110,1600,4,5,19,1105
488,10950,47,60348,110,1600,4,5,69,1030
489,10750,54,60239,110,1600,5,5,85,1075
490,9799,51,59000,97,1400,3,5,69,1025
491,11750,51,58761,97,1300,5,5,85,1060
492,11950,54,58745,110,1600,4,5,69,1035
493,11250,52,58596,110,1600,3,5,69,1045
494,11750,54,58530,110,1600,5,5,85,1075
495,10950,55,58377,110,1600,3,5,69,1050
496,11250,56,58142,110,1600,5,5,85,1080
497,9950,53,57948,97,1400,3,5,69,1025
498,9700,51,57645,110,1600,5,5,85,1080
499,11950,47,57500,110,1600,4,5,19,1105
500,9900,53,57475,110,1600,3,5,69,1040
501,9990,55,56743,110,1600,3,5,69,1045
502,9475,48,56675,97,1400,3,5,69,1025
503,11500,54,55877,110,1600,5,5,85,1075
504,11950,53,55500,110,1600,4,5,69,1035
505,11500,55,54900,97,1400,5,5,85,1060
506,10500,50,54465,110,1600,5,5,85,1075
507,10900,46,53700,97,1400,5,5,85,1060
508,11700,52,53561,97,1400,5,5,85,1060
509,11900,51,53408,110,1600,5,5,85,1080
510,13950,51,53268,110,1600,5,5,85,1080
511,10950,49,53116,97,1400,3,5,69,1025
512,10500,56,52448,97,1400,3,5,69,1025
513,10750,55,52149,97,1400,3,5,19,1085
514,11950,55,52141,110,1600,5,5,85,1070
515,10000,56,52000,97,1400,3,5,69,1025
516,10495,48,50967,97,1400,5,5,85,1060
517,11450,50,50400,110,1600,5,5,85,1080
518,9400,54,50000,97,1400,3,5,69,1025
519,11950,51,50000,86,1300,5,5,69,1045
520,9650,53,49969,110,1600,5,5,85,1075
521,18950,49,49568,110,1600,3,5,19,1105
522,11450,51,49473,110,1600,3,5,85,1055
523,10250,52,49432,110,1600,3,5,69,1050
524,11450,48,49417,110,1600,3,5,69,1045
525,9950,54,49366,97,1400,3,5,69,1025
526,10500,56,48731,110,1600,3,5,85,1055
527,13750,54,48370,110,1600,5,5,85,1080
528,9950,48,48071,97,1400,3,5,69,1025
529,10250,54,47852,110,1600,4,5,69,1030
530,10850,54,47768,110,1600,3,5,85,1055
531,11895,52,47689,110,1600,5,5,85,1075
532,12950,53,47451,110,1600,3,5,85,1055
533,11950,50,47219,110,1600,5,5,85,1080
534,10750,56,47211,110,1600,5,5,85,1070
535,9550,54,46856,97,1400,5,5,85,1060
536,10950,56,46500,86,1300,5,5,69,1035
537,11750,52,46449,110,1600,4,5,69,1035
538,10950,47,46391,110,1600,5,5,85,1075
539,12450,54,46230,110,1600,3,5,85,1055
540,10500,52,46029,110,1600,4,5,69,1030
541,10900,50,46000,97,1400,3,5,69,1025
542,12950,50,45900,110,1600,5,5,85,1075
543,10950,47,45850,97,1400,5,5,85,1060
544,12500,56,45336,110,1600,5,5,85,1080
545,9950,55,44537,97,1400,3,5,69,1025
546,10750,56,43700,86,1300,3,5,69,1025
547,12500,48,43120,97,1400,3,5,69,1030
548,10450,49,41710,110,1600,3,5,69,1040
549,10750,52,41700,97,1400,3,5,69,1025
550,12950,49,41636,110,1600,5,5,19,1105
551,10995,50,41273,97,1400,5,5,85,1060
552,11950,49,40836,110,1600,3,5,85,1075
553,11250,50,40400,97,1400,5,5,85,1060
554,11950,47,40361,110,1600,5,5,85,1090
555,13750,54,40325,86,1300,5,5,69,1045
556,11000,47,40000,110,1600,5,5,85,1080
557,13500,50,39706,110,1600,5,5,85,1080
558,10950,54,39291,110,1600,3,5,69,1040
559,10750,54,39000,97,1400,3,5,69,1025
560,8950,47,38900,97,1400,3,5,69,1025
561,12950,51,38403,110,1600,3,5,85,1055
562,9750,56,37461,97,1400,3,5,69,1025
563,10900,54,37000,97,1400,3,5,69,1025
564,10995,55,36406,110,1600,4,5,69,1035
565,10750,48,36005,97,1400,5,5,85,1065
566,10950,52,36000,110,1600,5,5,85,1075
567,13000,49,36000,110,1600,5,5,85,1080
568,12950,45,36000,110,1600,3,5,85,1070
569,11500,52,35823,110,1600,5,5,85,1075
570,10950,56,35230,97,1400,3,5,69,1025
571,11710,48,35142,110,1600,3,5,85,1055
572,9980,49,34890,97,1400,3,5,69,1025
573,12250,51,34882,110,1600,5,5,85,1075
574,11500,46,34000,110,1600,5,5,85,1075
575,11950,56,33998,110,1600,5,5,85,1080
576,11500,55,33230,110,1600,3,5,69,1050
577,11900,46,33021,110,1600,5,5,85,1080
578,11930,49,31999,97,1400,3,5,69,1030
579,10500,52,31579,97,1400,3,5,69,1025
580,8950,56,31000,97,1400,3,5,69,1025
581,10450,46,30806,97,1400,5,5,85,1060
582,10500,55,30461,86,1300,5,5,69,1050
583,12950,50,29686,110,1600,3,5,85,1075
584,9950,55,29650,86,1300,3,6,69,1025
585,12900,52,29500,110,1600,3,5,85,1055
586,9950,48,28656,97,1400,3,5,19,1085
587,9950,55,27500,97,1400,3,5,69,1025
588,10950,48,26938,110,1600,3,5,69,1040
589,10950,53,26624,97,1400,5,5,85,1060
590,9950,47,26221,97,1400,3,5,69,1025
591,10950,50,22648,97,1400,5,5,85,1060
592,10800,50,22500,97,1400,3,5,69,1025
593,10500,56,19313,97,1400,3,5,69,1025
594,10450,50,17619,110,1600,4,5,69,1030
595,10600,51,17069,97,1400,3,5,69,1025
596,10450,48,15000,97,1400,3,5,69,1025
597,12950,50,10210,97,1400,5,5,85,1065
598,11250,47,5309,110,1600,3,5,85,1070
599,7500,50,1,90,2000,3,5,64,1260
600,8950,52,31000,97,1398,3,5,69,1025
601,6950,58,205000,72,2000,4,5,185,1100
602,7900,68,204250,72,2000,3,5,185,1115
603,5950,68,194545,86,1300,4,5,69,1000
604,7500,59,190900,72,2000,3,5,185,1115
605,7500,62,183500,72,2000,5,5,185,1140
606,6900,65,176184,72,2000,3,5,185,1115
607,5751,67,174833,72,2000,4,5,185,1100
608,6950,68,155720,86,1300,3,5,69,1015
609,7950,67,155500,110,1600,5,5,69,1050
610,7750,59,154783,72,2000,3,5,185,1120
611,7950,64,154462,72,2000,5,5,185,1135
612,8250,64,150585,110,1600,3,6,85,1065
613,6250,67,149000,90,2000,5,5,64,1135
614,9500,62,147636,72,2000,5,5,185,1135
615,6900,59,144521,72,2000,5,5,64,1135
616,8450,64,144000,110,1600,3,6,72,1065
617,7350,65,140168,72,2000,3,5,185,1115
618,8950,68,140000,110,1600,5,5,85,1085
619,6900,60,139800,72,2000,3,5,185,1115
620,8950,59,137050,110,1600,3,5,197,1078
621,8750,61,136956,110,1600,3,6,85,1065
622,7950,67,135337,110,1600,5,5,197,1120
623,8950,64,133769,72,2000,3,5,185,1120
624,8950,58,133405,72,2000,5,5,185,1135
625,8950,65,132807,72,2000,5,5,185,1135
626,7950,64,132393,72,2000,5,5,185,1135
627,7750,60,130270,110,1600,3,5,69,1050
628,7500,59,130000,72,2000,4,5,185,1135
629,8950,67,127000,72,2000,5,5,185,1135
630,9800,67,126800,72,2000,5,5,185,1135
631,9450,66,126452,110,1600,5,5,85,1085
632,8950,62,125175,116,2000,5,5,185,1150
633,8750,68,125000,72,2000,3,5,185,1115
634,10500,61,123000,72,2000,5,5,185,1135
635,7995,59,121626,86,1300,5,5,69,1050
636,10450,64,120400,110,1600,5,5,85,1090
637,9950,66,120000,72,2000,4,5,185,1100
638,9950,68,119541,110,1600,3,5,85,1055
639,8950,68,119500,110,1600,5,5,85,1070
640,7950,68,119289,110,1600,4,5,69,1035
641,10950,57,118833,110,1600,3,6,85,1065
642,9950,64,118000,72,2000,5,5,185,1150
643,8600,68,117955,110,1600,4,5,85,1065
644,7250,65,117609,86,1300,3,5,69,1015
645,6950,68,117000,72,2000,3,5,185,1115
646,8000,64,116000,86,1300,5,5,69,1045
647,9950,58,115715,110,1600,5,5,85,1070
648,9450,60,115191,110,1600,4,5,197,1079
649,7950,68,115071,110,1600,3,5,85,1055
650,9450,63,115000,110,1600,3,5,197,1109
651,9950,64,114846,110,1600,5,5,85,1075
652,6950,65,114383,90,2000,3,5,64,1260
653,8250,59,113700,110,1600,5,5,19,1065
654,9950,67,113118,86,1300,3,5,69,1020
655,8250,59,112827,86,1300,5,5,69,1040
656,9950,68,112116,110,1600,5,5,85,1070
657,10500,66,112000,110,1600,3,6,85,1065
658,7950,62,112000,72,2000,4,5,64,1135
659,9750,65,111769,110,1600,3,6,85,1065
660,9250,61,110853,110,1600,5,5,85,1070
661,9500,68,110287,110,1600,3,5,69,1050
662,9950,62,109547,110,1600,5,5,85,1075
663,7750,63,109230,110,1600,3,5,69,1050
664,9500,68,109150,110,1600,5,5,85,1075
665,9950,67,108793,110,1600,4,5,69,1035
666,9750,64,106784,110,1600,3,5,19,1050
667,9750,58,105942,86,1300,5,5,69,1040
668,5950,59,105000,86,1300,3,5,19,1015
669,8500,62,105000,86,1300,5,5,69,1040
670,8495,68,104299,110,1600,5,5,85,1085
671,9250,67,104000,86,1300,3,5,69,1020
672,6900,68,104000,86,1300,3,5,19,1015
673,8950,58,103458,86,1300,3,5,69,1025
674,9500,63,103400,110,1600,5,5,85,1075
675,9250,63,102807,86,1300,5,5,85,1055
676,9895,68,102494,110,1600,5,5,85,1090
677,9950,57,102300,72,2000,5,5,185,1135
678,7950,61,102106,110,1600,3,5,69,1050
679,8750,68,101889,110,1600,5,5,85,1075
680,8250,57,101791,72,2000,3,5,185,1115
681,8950,63,101469,110,1600,3,6,85,1065
682,8950,68,101001,110,1600,5,5,85,1075
683,8950,61,100748,110,1600,5,5,85,1070
684,8950,65,100550,110,1600,5,5,85,1075
685,9450,67,99781,110,1600,5,5,85,1085
686,8950,59,98658,86,1300,3,5,69,1020
687,9250,65,98500,110,1600,5,5,85,1075
688,8750,64,98291,86,1300,4,5,69,1000
689,9950,61,97648,110,1600,3,6,85,1065
690,9950,61,97425,110,1600,5,5,85,1075
691,9900,65,97173,86,1300,3,5,69,1015
692,8950,66,97046,86,1300,4,5,69,1000
693,8950,67,96000,110,1600,3,5,69,1050
694,12250,60,96000,72,2000,4,5,185,1100
695,9250,67,95750,110,1600,5,5,85,1070
696,10250,61,95147,110,1600,3,5,85,1050
697,8950,68,95000,110,1600,3,5,69,1050
698,7999,65,95000,110,1600,3,5,69,1050
699,9900,66,94606,110,1600,3,5,85,1065
700,8250,63,94504,86,1300,4,5,69,1000
701,10500,65,93428,110,1600,5,5,85,1075
702,8450,65,93408,86,1300,3,5,69,1015
703,9900,68,93296,110,1600,5,5,85,1090
704,10500,62,93098,110,1600,5,5,85,1075
705,8500,67,92922,72,2000,4,5,185,1100
706,9500,61,92498,110,1600,3,5,69,1050
707,9450,65,92226,110,1600,3,6,85,1065
708,9900,68,91505,72,2000,3,5,185,1115
709,8250,64,91333,110,1600,3,5,69,1050
710,8750,65,91246,86,1300,3,5,69,1015
711,9500,58,91000,110,1600,5,5,85,1075
712,8450,68,90727,110,1600,3,5,69,1050
713,8490,62,90000,110,1600,3,5,69,1050
714,8750,60,89576,110,1600,4,5,69,1035
715,9750,64,89145,86,1300,3,5,69,1025
716,9950,63,89000,110,1600,5,5,85,1085
717,8500,68,88807,110,1600,3,5,69,1050
718,8450,63,88685,110,1600,5,5,85,1070
719,7900,62,88667,110,1600,4,5,69,1040
720,8750,57,88480,110,1600,3,5,69,1050
721,7950,61,88127,86,1300,3,5,69,1015
722,6900,62,88000,86,1300,3,5,69,1020
723,8150,65,87821,86,1300,3,5,69,1015
724,10995,59,87654,86,1300,5,5,85,1065
725,8900,59,86888,110,1600,3,5,69,1050
726,9500,59,86871,86,1300,5,5,69,1040
727,8950,68,86714,110,1600,4,5,69,1035
728,11500,65,85889,110,1600,3,6,85,1065
729,10450,62,85000,110,1600,3,5,69,1050
730,10500,60,85000,86,1300,3,5,69,1025
731,9250,68,84976,110,1600,4,5,69,1035
732,10950,65,84558,110,1600,5,5,19,1120
733,10450,62,84549,110,1600,5,5,85,1075
734,9250,68,84482,110,1600,5,5,85,1075
735,8750,62,83908,110,1600,5,5,85,1070
736,8750,67,83560,86,1300,3,5,69,1015
737,9800,68,83000,107,1600,5,5,85,1100
738,8250,64,82723,86,1300,3,5,69,1015
739,10450,62,82421,110,1600,3,6,85,1065
740,9750,58,82254,110,1600,5,5,69,1050
741,8950,61,82115,110,1600,3,5,85,1055
742,7450,65,82000,86,1300,3,5,69,1015
743,8450,68,81965,86,1300,5,5,69,1035
744,8250,66,81250,110,1600,3,5,19,1050
745,10950,65,81192,110,1600,3,6,85,1065
746,8950,61,81170,110,1600,4,5,69,1040
747,8750,66,81083,86,1300,3,5,69,1015
748,10450,61,80714,110,1600,5,5,85,1075
749,10950,57,80470,110,1600,5,5,85,1085
750,8450,65,80439,110,1600,4,5,69,1035
751,9950,59,80430,110,1600,3,6,85,1065
752,9950,68,80426,110,1600,3,5,85,1055
753,8750,62,80265,86,1300,3,5,69,1015
754,9950,65,80153,110,1600,5,5,85,1070
755,9500,68,80121,110,1600,5,5,85,1070
756,8250,65,80086,110,1600,4,5,69,1035
757,10950,62,80000,110,1600,5,5,85,1075
758,7950,60,80000,86,1300,5,5,19,1015
759,8250,65,80000,86,1300,2,5,19,1015
760,9895,67,79858,110,1600,4,5,69,1040
761,9130,67,79762,86,1300,3,5,69,1015
762,10950,59,79660,86,1300,5,5,85,1065
763,10500,60,79150,110,1600,5,5,85,1075
764,8900,61,79000,110,1600,3,5,69,1050
765,9500,57,78955,86,1300,5,5,69,1045
766,10950,59,78750,90,1975,5,5,210,1155
767,7950,68,78521,86,1300,3,5,69,1015
768,7950,64,78356,86,1300,3,5,69,1015
769,7950,65,78076,86,1300,3,5,69,1015
770,9500,61,78063,107,1600,5,5,85,1100
771,10950,67,77821,110,1600,5,5,85,1075
772,9750,68,77695,110,1600,4,5,69,1035
773,9750,65,77500,110,1600,3,5,69,1050
774,9450,63,77457,110,1600,3,5,85,1055
775,8950,68,77029,86,1300,3,5,69,1015
776,8950,68,77008,86,1300,3,5,69,1015
777,8900,66,76791,110,1600,5,5,85,1070
778,9950,61,76700,86,1300,5,5,69,1035
779,8750,67,76569,86,1300,3,5,69,1020
780,8950,59,76162,110,1600,5,5,85,1075
781,8990,65,76155,110,1600,4,5,69,1035
782,8950,61,75609,86,1300,3,5,69,1015
783,8950,62,75569,72,2000,3,5,185,1120
784,9950,67,75429,110,1600,3,6,85,1065
785,9900,68,75000,110,1600,5,5,85,1075
786,8950,65,75000,86,1300,3,5,19,1015
787,8950,62,75000,110,1600,5,5,85,1070
788,9500,66,74963,107,1600,3,5,85,1085
789,7950,68,74889,86,1300,3,5,69,1015
790,7750,68,74875,110,1600,5,5,85,1070
791,8950,63,74747,110,1600,5,5,85,1075
792,11950,60,74720,110,1600,5,5,85,1085
793,8950,62,74457,110,1600,5,5,85,1075
794,11950,60,74337,86,1300,5,5,69,1035
795,8950,68,74308,110,1600,3,5,69,1050
796,9950,64,74193,110,1600,3,5,69,1050
797,8250,65,74179,110,1600,3,5,69,1050
798,8995,67,73936,86,1300,5,5,69,1050
799,9995,61,73894,110,1600,3,6,85,1065
800,9250,64,73500,110,1600,3,5,69,1050
801,10950,64,73376,110,1600,5,5,85,1070
802,8900,64,73300,86,1300,3,5,69,1015
803,9500,58,73172,110,1600,5,5,85,1075
804,9950,58,72928,110,1600,5,5,85,1075
805,7950,67,72880,86,1332,3,5,69,1015
806,8250,63,72522,110,1600,3,5,69,1050
807,9450,64,72000,86,1300,3,5,69,1015
808,7950,57,72000,86,1300,3,5,69,1015
809,9500,59,71366,110,1600,3,6,85,1065
810,8950,65,71317,110,1600,3,5,69,1050
811,10950,62,71000,110,1600,5,5,85,1070
812,8950,60,70954,110,1600,3,5,69,1050
813,9450,63,70908,86,1300,5,5,69,1035
814,8000,58,70560,110,1600,3,5,69,1050
815,9900,67,70552,110,1600,5,5,85,1075
816,8950,62,70500,110,1600,5,5,69,1035
817,10900,60,70453,72,2000,5,5,185,1135
818,9450,59,70218,110,1600,3,5,69,1050
819,8450,64,70116,110,1600,4,5,69,1035
820,9500,65,70068,110,1600,5,5,85,1075
821,10500,67,70000,107,1587,3,5,19,1065
822,6950,68,70000,86,1300,3,5,69,1015
823,9750,68,69103,110,1600,4,5,69,1035
824,6950,58,69022,86,1300,5,5,69,1035
825,9650,67,69000,110,1600,3,6,85,1065
826,9950,68,68865,110,1600,3,6,85,1065
827,9250,58,68723,86,1300,3,5,69,1025
828,8950,63,68453,110,1600,5,5,85,1070
829,9900,63,68238,86,1300,5,5,69,1050
830,10995,63,68153,110,1600,5,5,85,1085
831,10500,65,68000,110,1600,5,5,85,1075
832,8950,65,68000,86,1300,3,5,69,1015
833,9750,67,67762,110,1600,3,6,85,1065
834,10950,68,67146,110,1600,5,5,85,1075
835,9750,67,67110,86,1300,5,5,69,1035
836,9950,59,67010,110,1600,3,6,85,1065
837,10500,65,67003,110,1600,4,5,69,1035
838,10400,68,66785,86,1300,3,5,69,1045
839,8800,68,66550,86,1332,3,5,69,1010
840,10500,61,66259,110,1600,3,6,85,1065
841,9250,62,66082,110,1600,5,5,85,1070
842,7800,65,66000,86,1300,3,5,69,1015
843,9950,61,66000,110,1600,3,5,69,1050
844,10750,63,65896,110,1600,3,6,85,1065
845,10950,67,65785,110,1600,5,5,85,1075
846,9950,65,65513,110,1600,4,5,85,1070
847,9950,59,65463,110,1600,5,5,85,1070
848,8100,68,65400,86,1300,4,5,69,1000
849,9250,60,65259,110,1600,3,5,69,1050
850,7800,64,65000,110,1600,3,5,69,1050
851,9000,68,65000,110,1600,5,5,85,1070
852,8950,57,65000,110,1600,4,5,69,1035
853,8950,62,64966,86,1300,3,5,69,1020
854,9950,68,64950,110,1600,5,5,85,1075
855,8500,60,64914,110,1600,5,5,85,1070
856,7995,62,64797,110,1600,5,5,85,1075
857,8750,65,64772,110,1600,3,5,69,1050
858,9750,63,64690,86,1300,3,5,69,1020
859,10950,65,64630,110,1600,5,5,85,1070
860,9750,67,64613,110,1600,5,5,85,1085
861,8200,60,64383,86,1300,3,5,69,1015
862,8950,68,64000,110,1600,5,5,85,1075
863,9500,66,63881,86,1300,3,5,69,1015
864,10950,58,63870,72,2000,5,5,185,1135
865,9750,66,63328,86,1300,5,5,85,1065
866,9950,65,63000,86,1300,5,5,85,1065
867,10450,61,63000,86,1300,3,5,69,1050
868,9850,65,62396,110,1600,3,5,69,1050
869,9450,62,62377,110,1600,5,5,85,1075
870,10295,67,62316,110,1600,3,5,69,1050
871,9750,68,62292,110,1600,3,6,85,1065
872,8950,65,62225,110,1600,3,5,69,1050
873,9900,68,62222,110,1600,5,5,85,1075
874,8750,66,62135,86,1300,5,5,69,1035
875,9950,58,62024,110,1600,5,5,85,1075
876,8500,60,61977,86,1300,3,5,69,1015
877,9950,62,61930,110,1600,4,5,69,1035
878,10950,57,61682,110,1600,3,5,69,1050
879,9795,68,61568,110,1600,4,5,69,1035
880,8750,68,61504,110,1600,4,5,69,1035
881,8250,65,61384,110,1600,3,5,69,1050
882,9950,58,61343,110,1600,5,5,85,1075
883,9950,62,61254,110,1600,5,5,85,1075
884,10500,59,61166,110,1600,3,5,69,1050
885,9750,62,61149,86,1300,5,5,69,1040
886,11250,61,61144,110,1600,5,5,85,1090
887,8900,59,61127,110,1600,3,5,69,1050
888,7950,60,61100,86,1300,3,5,69,1015
889,11500,68,61100,110,1600,5,5,85,1075
890,9450,57,61000,110,1600,3,5,69,1050
891,7995,65,60724,86,1300,3,5,69,1015
892,10995,59,60708,86,1300,5,5,69,1045
893,8950,61,60532,110,1600,3,5,69,1050
894,8250,67,60000,86,1300,4,5,69,1030
895,8950,66,60000,86,1300,3,5,69,1015
896,8950,65,60000,86,1300,3,5,69,1015
897,9500,62,59295,86,1300,5,5,69,1035
898,7500,65,59264,86,1300,3,5,69,1015
899,8950,63,59000,110,1600,3,5,69,1050
900,9950,63,59000,86,1300,5,5,19,1035
901,9750,65,59000,110,1600,5,5,19,1075
902,9450,61,59000,110,1600,5,5,85,1070
903,9950,65,59000,110,1600,3,5,69,1050
904,9750,68,58860,110,1600,3,5,85,1055
905,8950,65,58829,110,1600,3,5,69,1050
906,8250,66,58654,110,1600,5,5,85,1070
907,7750,65,58300,86,1300,3,5,69,1015
908,8950,60,58269,110,1600,3,5,69,1050
909,9950,64,58136,110,1600,5,5,85,1075
910,9450,66,58113,107,1600,3,5,85,1085
911,12950,67,58058,110,1600,3,6,85,1065
912,9950,58,58000,110,1600,3,5,69,1050
913,10495,62,58000,110,1600,3,6,85,1065
914,7950,68,57565,86,1300,5,5,69,1035
915,10500,63,57413,107,1600,5,5,85,1115
916,8950,65,57374,110,1600,5,5,85,1075
917,9900,62,57179,110,1600,5,5,85,1075
918,9995,61,57169,110,1600,3,6,85,1065
919,9950,63,57124,110,1600,3,6,85,1065
920,9950,63,57000,110,1600,3,5,69,1050
921,8250,67,57000,110,1600,3,5,69,1050
922,9950,63,57000,86,1300,5,5,69,1035
923,8950,59,56259,86,1300,3,5,69,1015
924,10950,62,56209,107,1600,3,5,85,1080
925,9250,67,56074,86,1300,4,5,69,1000
926,9950,63,55942,110,1600,5,5,85,1070
927,9995,57,55844,86,1300,5,5,69,1045
928,8750,61,55747,86,1300,3,5,69,1020
929,10950,58,55478,86,1300,5,5,69,1045
930,10350,60,55085,107,1600,5,5,85,1105
931,9950,65,55061,110,1600,5,5,85,1070
932,8950,65,55000,86,1300,3,5,69,1015
933,10950,57,55000,110,1600,5,5,85,1075
934,10950,63,54936,110,1600,5,5,85,1075
935,8950,68,54875,110,1600,5,5,85,1070
936,8900,67,54847,110,1600,3,5,69,1050
937,10250,60,54554,110,1600,3,6,85,1065
938,9450,61,54125,110,1600,5,5,69,1035
939,9250,61,54000,110,1600,3,5,85,1055
940,10500,57,54000,110,1600,5,5,85,1075
941,7350,58,54000,86,1300,5,5,69,1035
942,10250,57,54000,110,1600,3,5,19,1135
943,10250,62,53285,110,1600,5,5,85,1075
944,11500,65,53053,110,1600,5,5,85,1075
945,8950,68,53000,110,1587,3,5,19,1075
946,7750,68,53000,86,1300,3,5,69,1015
947,9500,64,52968,110,1600,3,5,69,1050
948,8450,67,52800,86,1300,3,5,69,1015
949,8950,57,52548,110,1600,3,5,69,1050
950,8400,60,52487,110,1600,4,5,69,1035
951,9250,66,52383,86,1300,3,5,69,1015
952,8900,61,52112,110,1600,4,5,69,1035
953,8750,58,51712,110,1600,3,5,69,1050
955,8950,61,51235,86,1300,4,5,69,1000
956,8950,65,51000,86,1300,3,5,69,1015
957,8895,61,50925,110,1600,5,5,85,1070
959,9750,61,50173,110,1600,5,5,85,1075
960,9950,62,50000,110,1600,5,5,85,1075
961,10950,65,49942,110,1600,3,6,85,1065
962,9900,67,49585,110,1600,5,5,85,1085
963,9500,62,49258,110,1600,4,5,69,1035
964,9950,61,49000,110,1600,3,5,69,1050
965,9950,63,48738,110,1600,5,5,85,1055
966,10500,62,47750,86,1300,5,5,69,1040
967,9950,63,47612,86,1300,3,5,69,1015
968,10495,68,47500,86,1300,5,5,69,1035
969,9500,66,47237,110,1600,3,5,69,1050
970,8500,58,47171,86,1300,3,5,69,1015
971,10450,60,47060,110,1600,4,5,69,1035
972,8950,65,47014,86,1300,3,5,69,1015
973,9900,59,46929,86,1300,3,5,69,1025
974,8900,63,46000,86,1300,5,5,69,1035
975,8745,65,45681,110,1600,3,5,69,1050
976,8750,65,45549,86,1300,3,5,69,1015
977,10750,57,45000,110,1600,5,5,69,1050
978,9750,57,45000,110,1600,3,5,69,1050
979,8850,65,45000,110,1600,5,5,85,1075
980,7950,66,45000,86,1300,5,5,69,1035
981,9450,63,45000,110,1600,4,5,69,1035
982,9950,61,45000,107,1600,3,5,85,1085
983,8250,63,44944,110,1600,4,5,69,1035
984,9950,61,44597,86,1300,3,5,19,1015
985,9995,68,44458,86,1300,3,5,69,1015
986,9950,59,43818,110,1600,5,5,85,1070
987,10495,60,43426,110,1600,5,5,85,1070
989,8950,68,43000,110,1600,5,5,69,1035
990,9695,57,43000,110,1600,5,5,85,1075
991,7750,64,43000,86,1300,3,5,69,1015
992,9950,68,42750,110,1600,3,5,69,1050
993,9950,67,42102,110,1600,5,5,85,1075
994,9950,63,41586,110,1600,5,5,19,1114
995,9900,64,41200,110,1600,5,5,85,1070
996,10950,57,40214,86,1300,3,5,69,1025
997,8950,60,40000,86,1300,4,5,69,1000
998,8950,66,39222,86,1300,3,5,69,1045
999,8250,66,39144,110,1600,3,5,69,1050
1000,10250,62,39000,110,1600,5,5,85,1075
1001,8750,61,38019,110,1600,5,5,85,1070
1002,9750,68,37759,110,1600,5,5,85,1070
1003,10950,61,37500,110,1600,5,5,85,1085
1004,10950,60,37111,110,1600,3,5,69,1050
1005,9750,62,37000,86,1300,3,5,69,1015
1006,8900,59,36954,110,1600,3,5,69,1050
1007,9500,60,36943,110,1600,5,5,85,1070
1008,9950,63,36923,86,1300,5,5,69,1050
1009,9950,66,36658,110,1600,3,5,69,1050
1010,8250,65,36000,86,1300,3,5,69,1015
1011,10450,65,36000,110,1600,3,6,85,1065
1012,10950,62,35512,110,1600,3,6,85,1065
1013,9250,65,35283,86,1300,3,5,69,1015
1014,8900,68,35000,110,1600,3,5,69,1050
1015,10900,57,35000,86,1300,5,5,69,1045
1016,9750,64,34114,110,1600,3,5,69,1050
1017,11950,58,34000,110,1600,5,5,85,1075
1018,7900,68,33847,86,1300,4,5,69,1000
1019,10900,57,33535,110,1600,4,5,69,1035
1020,10450,65,33000,110,1600,3,5,69,1050
1021,10950,59,32150,110,1600,5,5,85,1085
1022,9950,65,31588,86,1300,3,5,69,1015
1023,10750,60,31480,110,1600,3,6,85,1065
1024,9900,57,31307,110,1600,5,5,85,1070
1025,10750,68,31000,110,1600,4,5,69,1035
1026,10450,58,30634,110,1600,5,5,85,1075
1027,9450,68,30300,86,1300,4,5,69,1000
1028,10750,60,28500,86,1300,3,5,69,1045
1029,10950,60,28500,110,1600,5,5,85,1075
1030,10000,57,28000,86,1300,3,5,69,1015
1031,10500,68,26698,110,1600,3,5,85,1055
1032,12500,62,26000,107,1600,3,5,85,1085
1033,8950,62,25505,86,1300,5,5,69,1035
1034,10500,58,25000,110,1600,5,5,85,1075
1035,9245,66,22835,110,1600,3,5,69,1050
1036,10950,59,22705,110,1600,5,5,85,1075
1037,9500,63,22178,86,1300,3,5,69,1015
1038,10900,62,17345,110,1600,3,5,69,1050
1039,10950,67,15535,86,1300,4,5,69,1030
1040,9450,66,15110,86,1300,5,5,69,1035
1041,5900,73,232940,72,2000,5,5,40,1172
1042,6950,79,218118,72,2000,5,5,185,1150
1043,6000,78,217764,72,2000,5,5,185,1135
1044,5250,79,207114,110,1600,5,5,197,1114
1045,4400,74,203254,72,2000,3,5,64,1135
1046,6750,77,200732,72,2000,4,5,185,1100
1047,8500,69,197501,72,2000,5,5,185,1135
1048,6150,80,194765,72,2000,3,5,185,1120
1049,6950,76,191620,72,2000,5,5,185,1150
1050,5750,76,183277,72,2000,3,5,185,1115
1051,8750,78,180378,72,2000,4,5,185,1100
1052,6500,70,178800,72,2000,3,5,185,1115
1053,5950,73,176177,110,1600,5,5,85,1075
1054,6500,78,176000,86,1300,5,5,69,1035
1055,10500,77,172980,72,2000,5,5,64,1135
1056,8500,77,170000,72,2000,4,5,185,1100
1057,7950,71,164000,110,1600,3,5,19,1050
1058,5800,78,161775,86,1300,3,5,69,1015
1059,6750,80,160000,86,1300,3,5,69,1015
1060,6950,78,159968,72,2000,3,5,185,1115
1061,5740,74,159908,110,1600,3,5,69,1050
1062,6550,73,158492,86,1300,3,5,69,1015
1063,8950,69,156204,72,2000,3,5,185,1115
1064,6750,73,156169,86,1300,5,5,69,1035
1065,7950,78,155210,110,1600,3,5,69,1050
1066,7950,69,155000,72,2000,3,5,185,1115
1067,7450,76,154900,72,2000,5,5,185,1140
1068,7750,70,151300,72,2000,5,5,185,1150
1069,6450,71,151000,110,1600,5,5,197,1094
1070,7900,75,150000,72,2000,3,5,64,1135
1071,6900,69,146304,72,2000,3,5,185,1115
1072,5600,75,146197,86,1300,3,5,69,1015
1073,5950,77,145996,110,1600,4,5,69,1035
1074,6950,80,143560,86,1300,3,5,69,1045
1075,7950,71,139145,73,2000,2,5,185,1115
1076,8950,79,138500,86,1300,5,5,69,1050
1077,7950,74,137741,90,2000,5,5,185,1135
1078,9500,80,137178,90,2000,5,5,185,1135
1079,8600,76,134889,72,2000,3,5,185,1115
1080,5950,71,134660,72,2000,5,5,64,1135
1081,7750,73,134539,110,1600,5,5,85,1070
1082,7950,79,131500,72,2000,5,5,185,1140
1083,6950,77,131307,110,1600,3,5,69,1050
1084,7250,74,130025,110,1600,3,5,69,1050
1085,6500,78,130000,86,1300,5,5,19,1015
1086,7250,77,128960,110,1600,5,5,85,1070
1087,9250,80,128351,110,1600,5,5,85,1070
1088,8250,73,128006,110,1600,3,5,69,1050
1089,7250,71,127159,72,2000,3,5,185,1115
1090,5250,72,126478,110,1600,4,5,69,1035
1091,7900,77,126000,110,1600,5,5,69,1050
1092,6900,76,125778,110,1600,3,5,69,1050
1093,7900,75,125400,110,1600,3,5,69,1050
1094,7250,74,124910,72,2000,5,5,185,1135
1095,8450,70,124743,110,1600,3,5,69,1050
1096,7950,76,124591,110,1600,5,5,85,1075
1097,7950,74,124057,110,1600,3,5,69,1050
1098,6450,72,123403,110,1600,3,5,69,1050
1099,6650,75,123104,110,1600,5,5,85,1070
1100,7950,74,123077,86,1300,3,5,69,1015
1101,7250,80,122820,86,1300,5,5,69,1040
1102,7450,77,122290,110,1600,3,5,69,1050
1103,7950,74,121900,110,1600,4,5,69,1035
1104,7250,77,121545,110,1600,5,5,85,1070
1105,8250,71,120474,72,2000,3,5,185,1115
1106,8950,76,120263,72,2000,5,5,64,1135
1107,7750,74,120196,110,1600,3,5,69,1050
1108,8500,71,120000,110,1600,5,5,85,1085
1109,7750,78,120000,110,1600,5,5,85,1075
1110,5750,73,115877,110,1600,4,5,69,1035
1111,6900,76,115345,110,1600,5,5,85,1070
1112,6500,71,115157,110,1600,3,5,69,1050
1113,6500,78,115000,107,1600,5,5,85,1100
1114,7600,77,114258,86,1300,5,5,69,1050
1115,8950,73,112963,72,2000,5,5,185,1135
1116,7450,74,112307,110,1600,5,5,85,1070
1117,7350,72,112000,86,1300,3,5,69,1015
1118,7750,73,111602,86,1300,3,5,69,1015
1119,7460,80,111392,110,1598,3,5,197,1083
1120,9250,76,110901,110,1600,5,5,85,1085
1121,7250,80,110887,110,1600,3,5,85,1055
1122,6500,72,110634,86,1300,3,5,69,1015
1123,6800,80,110000,110,1600,4,5,69,1035
1124,8700,75,109540,110,1600,5,5,85,1085
1125,7500,78,109263,110,1600,5,5,85,1070
1126,7750,71,107516,110,1600,3,5,69,1050
1127,7950,73,107108,110,1600,3,5,69,1050
1128,9950,75,107000,110,1600,3,5,69,1050
1129,6640,74,106250,110,1600,5,5,85,1070
1130,8750,71,106150,86,1300,3,5,19,1015
1131,7750,72,106108,110,1600,3,5,69,1050
1132,5950,72,105856,86,1300,3,5,69,1015
1133,6750,77,105152,86,1300,3,5,69,1015
1134,6500,80,105135,110,1600,3,5,69,1050
1135,8750,76,104344,110,1600,3,5,69,1050
1136,7950,74,104150,110,1600,3,5,69,1050
1137,6750,74,104000,86,1300,3,5,69,1010
1138,7950,73,103121,86,1300,5,5,69,1035
1139,7950,80,102300,86,1300,3,5,69,1015
1140,8950,75,102005,107,1600,5,5,85,1105
1141,7750,77,102000,86,1300,3,5,69,1015
1142,6450,75,101855,110,1600,5,5,85,1070
1143,6900,74,101773,110,1600,3,5,69,1050
1144,8450,75,101159,110,1600,5,5,85,1085
1145,6750,74,101000,86,1300,3,5,19,1015
1146,8050,74,100732,86,1300,4,5,69,1030
1147,9500,79,100719,110,1600,5,5,85,1070
1148,7750,78,100487,110,1600,4,5,69,1035
1149,8500,80,100458,110,1600,5,5,85,1085
1150,7795,75,100192,110,1600,3,5,69,1050
1151,6490,80,100123,110,1600,3,5,69,1050
1152,7950,73,99971,110,1600,3,5,69,1050
1153,6425,79,99397,86,1300,5,5,69,1035
1154,8950,69,99374,86,1300,5,5,69,1035
1155,6950,72,99245,110,1600,5,5,19,1114
1156,8750,79,98742,110,1600,5,5,85,1085
1157,8450,71,98154,110,1600,3,5,69,1050
1158,7950,77,98000,110,1600,5,5,19,1065
1159,7950,80,97548,86,1300,5,5,69,1035
1160,8900,78,97534,110,1600,5,5,85,1070
1161,8950,73,97494,110,1600,5,5,85,1085
1162,8900,73,97085,110,1600,5,5,85,1085
1163,7950,69,97000,110,1600,4,5,69,1035
1164,6495,74,96302,86,1300,3,5,69,1015
1165,7250,78,96000,86,1300,3,5,69,1015
1166,9250,74,96000,110,1600,5,5,85,1085
1167,6650,78,95909,110,1600,5,5,85,1070
1168,6990,79,95700,110,1600,5,5,85,1085
1169,7750,78,95651,110,1600,5,5,85,1070
1170,6950,79,95000,86,1300,5,5,69,1035
1171,7250,80,94447,110,1600,3,5,69,1050
1172,9950,80,94079,110,1600,5,5,85,1085
1173,9250,80,93841,110,1600,5,5,85,1070
1174,7200,79,93090,86,1300,5,5,69,1035
1175,8250,72,93066,110,1600,5,5,85,1075
1176,8950,79,93039,110,1600,3,5,69,1050
1177,8250,77,93000,110,1600,5,5,85,1075
1178,6250,80,92830,86,1300,3,5,69,1015
1179,9900,80,92255,107,1600,5,5,85,1105
1180,7300,80,92096,86,1300,5,5,69,1035
1181,8950,72,91921,86,1300,3,5,69,1020
1182,6500,70,91900,86,1300,3,5,69,1015
1183,7950,78,91399,110,1600,5,5,85,1070
1184,7450,75,91082,110,1600,3,5,69,1050
1185,7950,71,90370,86,1300,5,5,69,1035
1186,8500,78,90345,86,1300,5,5,69,1035
1187,6950,77,90305,86,1300,3,5,69,1015
1188,7950,78,90011,86,1300,3,5,69,1045
1189,6750,77,90000,86,1300,3,5,69,1015
1190,8450,70,89983,110,1600,3,5,85,1055
1191,7500,78,89953,110,1600,5,5,19,1114
1192,8750,74,89800,72,2000,3,5,185,1115
1193,8750,79,89739,86,1300,5,5,69,1035
1194,8950,76,89520,110,1600,3,5,69,1050
1195,7450,75,89507,86,1300,3,5,69,1015
1196,9200,69,89096,110,1600,5,5,85,1085
1197,8950,74,88700,110,1600,3,5,69,1050
1198,7850,72,88500,110,1600,5,5,85,1075
1199,6950,73,88186,72,2000,3,5,185,1115
1200,7200,75,88000,110,1600,3,5,69,1050
1201,7450,78,87743,110,1600,3,5,85,1055
1202,6750,75,87613,86,1300,3,5,69,1015
1203,7500,73,87358,110,1600,3,5,69,1050
1204,7450,72,87083,110,1600,4,5,69,1035
1205,7950,70,87000,110,1600,4,5,69,1035
1206,7250,78,87000,110,1600,4,5,69,1035
1207,7950,73,87000,86,1300,3,5,69,1015
1208,8250,80,87000,86,1300,3,5,69,1015
1209,8250,72,86860,110,1600,5,5,85,1075
1210,6750,80,86109,110,1600,3,5,85,1055
1211,8750,79,86000,86,1300,5,5,69,1040
1212,8950,80,86000,110,1600,3,5,19,1050
1213,8500,70,85864,72,2000,5,5,185,1135
1214,8250,80,85565,110,1600,5,5,85,1070
1215,9450,70,85470,107,1600,3,5,85,1080
1216,7950,73,85200,110,1600,3,5,69,1050
1217,7900,70,85000,110,1600,3,5,85,1055
1218,8500,73,84988,110,1600,3,5,69,1050
1219,8250,79,84966,110,1600,5,5,85,1070
1220,8250,76,84472,110,1600,5,5,85,1070
1221,8950,73,84402,110,1600,4,5,69,1035
1222,7950,74,84123,110,1600,3,5,69,1050
1223,6950,80,84000,110,1600,5,5,85,1075
1224,7250,78,84000,110,1600,5,5,19,1065
1225,7750,77,84000,110,1600,5,5,85,1085
1226,8700,75,83850,110,1600,3,5,85,1055
1227,8950,80,83540,110,1600,5,5,85,1070
1228,6750,76,83405,110,1600,5,5,85,1070
1229,7500,71,83291,110,1600,5,5,85,1070
1230,7950,69,83133,86,1300,3,5,69,1015
1231,8950,71,83047,86,1300,3,5,69,1045
1232,7950,71,82700,110,1600,3,5,69,1050
1233,7450,78,82675,86,1300,3,5,69,1015
1234,5950,78,82595,86,1300,3,5,19,1015
1235,7750,75,82256,110,1600,3,5,69,1050
1236,6950,77,82103,86,1300,3,5,69,1015
1237,8750,80,82021,86,1300,5,5,69,1035
1238,8950,71,82000,110,1600,5,5,85,1075
1239,7495,79,81988,110,1600,5,5,85,1070
1240,7750,76,81930,110,1600,5,5,85,1070
1241,6950,70,81663,110,1600,3,5,69,1050
1242,7990,77,80486,110,1600,5,5,85,1070
1243,7250,78,80000,110,1600,4,5,19,1065
1244,6900,69,79000,86,1300,3,5,69,1015
1245,7750,74,78894,110,1600,5,5,85,1070
1246,7250,78,78689,110,1600,4,5,69,1035
1247,8950,77,78435,86,1300,3,5,69,1015
1248,8500,71,78260,110,1600,3,5,69,1050
1249,7950,72,78120,110,1600,5,5,85,1075
1250,6950,77,77000,86,1300,3,5,19,1015
1251,8000,78,77000,110,1600,3,5,69,1050
1252,7950,75,76382,110,1600,3,5,85,1055
1253,8500,76,76268,86,1300,3,5,69,1015
1254,7490,73,76151,86,1300,3,5,69,1015
1255,8250,80,76000,110,1600,3,5,69,1050
1256,9250,71,76000,110,1600,5,5,85,1070
1257,7950,72,75840,86,1300,5,5,69,1035
1258,9500,77,75799,110,1600,3,5,19,1050
1259,8950,72,75525,110,1600,3,5,19,1114
1260,8450,78,75323,86,1300,5,5,69,1050
1261,7995,79,75322,110,1600,4,5,85,1115
1262,8750,78,75226,110,1600,4,5,69,1035
1263,5950,71,75085,86,1300,5,5,69,1035
1264,8500,73,75000,110,1600,5,5,85,1075
1265,8950,69,75000,86,1300,4,5,69,1000
1266,8750,69,75000,86,1300,4,5,69,1000
1267,7600,78,74926,110,1600,5,5,85,1075
1268,7145,80,74785,110,1600,5,5,85,1070
1269,8450,69,74573,110,1600,5,5,85,1085
1270,5950,75,74567,86,1300,3,5,19,1015
1271,9000,80,74196,110,1600,5,5,85,1075
1272,7250,80,74151,110,1600,3,5,69,1050
1273,7400,75,74096,110,1600,3,5,69,1050
1274,8800,79,74093,110,1600,5,5,85,1075
1275,7750,71,74000,110,1600,3,5,69,1050
1276,7500,75,74000,86,1300,3,5,69,1015
1277,8450,78,73638,86,1300,4,5,19,1015
1278,7400,75,73460,110,1600,5,5,85,1070
1279,7500,80,73200,110,1600,5,5,85,1070
1280,8950,76,73116,110,1600,5,5,85,1075
1281,8950,70,73014,110,1600,5,5,85,1075
1282,7950,77,72703,110,1600,3,5,69,1050
1283,7950,79,72328,110,1600,5,5,85,1075
1284,7950,78,72222,110,1600,5,5,85,1070
1285,8950,71,72128,107,1600,5,5,85,1100
1286,7750,78,72090,110,1600,5,5,85,1070
1287,8250,78,72000,110,1600,4,5,69,1035
1288,7950,78,72000,110,1600,3,5,85,1055
1289,7750,77,71900,86,1300,3,5,69,1015
1290,8500,77,71825,110,1600,5,5,85,1075
1291,6950,80,71740,110,1600,5,5,85,1070
1292,7500,80,71500,110,1600,4,5,69,1035
1293,7750,79,71359,110,1600,3,5,69,1050
1294,5950,79,71263,86,1300,3,5,69,1015
1295,7500,78,71186,110,1600,3,5,69,1050
1296,8950,72,71054,86,1300,3,5,69,1045
1297,7950,76,71000,110,1600,3,5,69,1050
1298,6900,80,70939,110,1600,5,5,85,1100
1299,7450,77,70932,110,1600,3,5,69,1050
1300,8500,80,70597,107,1600,3,5,85,1080
1301,7500,73,70482,110,1600,5,5,19,1075
1302,8750,77,70124,110,1600,3,5,69,1050
1303,7500,76,70039,110,1600,3,5,69,1050
1304,9950,80,69904,110,1600,5,5,85,1070
1305,7950,75,69388,86,1300,3,5,69,1010
1306,9950,75,69320,110,1600,5,5,85,1070
1307,9250,78,69000,110,1600,5,5,85,1075
1308,9250,73,68988,86,1300,5,5,69,1035
1309,9950,79,68945,110,1600,5,5,85,1085
1310,5950,74,68285,110,1600,3,5,69,1050
1311,7995,76,68000,110,1600,5,5,85,1075
1312,8950,70,68000,86,1300,3,5,69,1045
1313,7450,75,67451,86,1300,4,5,69,1000
1314,8250,76,67266,86,1300,5,5,69,1035
1315,8500,78,67255,110,1600,5,5,85,1085
1316,8500,70,67100,110,1600,5,5,85,1075
1317,9400,69,67092,72,2000,3,5,185,1115
1318,7250,80,66880,110,1600,3,5,85,1055
1319,8950,79,66855,110,1600,5,5,85,1075
1320,9450,80,66843,110,1600,5,5,85,1075
1321,8500,74,66718,110,1600,3,5,69,1050
1322,6750,80,66168,86,1300,3,5,69,1015
1323,7400,80,65950,110,1600,5,5,85,1070
1324,8950,78,65500,86,1300,3,5,69,1015
1325,6900,80,65307,110,1600,3,5,85,1055
1326,7750,79,65254,86,1300,3,5,69,1015
1327,8950,71,65021,72,2000,3,5,185,1115
1328,6950,75,65006,86,1300,3,5,69,1015
1329,8495,77,64280,110,1600,4,5,69,1035
1330,10000,75,64000,107,1600,3,5,85,1085
1331,6999,71,64000,110,1600,5,5,85,1070
1332,8950,80,64000,110,1600,3,5,85,1055
1333,8500,79,63918,110,1600,4,5,69,1035
1334,8750,75,63634,110,1600,4,5,69,1035
1335,7499,80,63500,110,1600,3,5,69,1050
1336,9000,80,63266,110,1600,4,5,69,1035
1337,8950,77,62595,110,1600,3,5,69,1050
1338,6950,80,62581,110,1600,5,5,85,1075
1339,8500,77,62285,110,1600,5,5,85,1075
1340,8450,77,61906,86,1300,5,5,85,1065
1341,8950,74,61700,110,1600,5,5,85,1070
1342,8250,77,61648,110,1600,5,5,85,1070
1343,7950,75,61626,86,1300,5,5,69,1035
1344,7450,70,61510,110,1600,4,5,69,1035
1345,9000,79,61165,107,1600,3,5,85,1080
1346,7150,70,61000,110,1600,4,5,69,1035
1347,7750,76,60833,110,1600,4,5,69,1035
1348,5845,70,60600,86,1300,3,5,85,1060
1349,8500,72,60483,110,1600,5,5,85,1075
1350,8250,80,60476,110,1600,5,5,19,1114
1351,9450,79,60142,110,1600,3,5,69,1050
1352,6750,69,60050,110,1600,3,5,69,1050
1353,8400,77,60000,110,1600,3,5,69,1050
1354,7900,76,60000,110,1600,3,5,69,1050
1355,7950,76,59815,110,1587,3,5,85,1055
1356,8750,80,59326,110,1600,5,5,85,1085
1357,9900,73,59240,110,1600,3,5,69,1050
1358,6495,71,59164,110,1600,4,5,69,1035
1359,8250,70,59017,107,1600,3,5,85,1080
1360,6900,69,58952,110,1600,3,5,69,1050
1361,7500,74,58454,86,1300,3,5,69,1015
1362,7950,75,58341,86,1300,4,5,69,1030
1363,8250,80,58267,110,1600,5,5,85,1070
1364,8950,80,58000,110,1600,3,5,85,1055
1365,9750,70,57829,110,1600,3,5,19,1050
1366,8250,80,57787,86,1300,3,5,69,1015
1367,8900,78,57628,110,1600,5,5,85,1075
1368,8950,75,57537,86,1300,5,5,69,1050
1369,6750,76,57263,110,1600,3,5,69,1050
1370,7950,75,57144,110,1600,5,5,85,1070
1371,8600,69,57096,86,1300,3,5,69,1025
1372,7750,80,57000,86,1300,4,5,69,1000
1373,7800,73,56566,110,1600,3,5,69,1050
1374,8750,73,56307,110,1600,3,5,69,1050
1375,9500,79,56214,86,1300,3,5,69,1015
1376,7750,74,56132,110,1600,4,5,69,1035
1377,9950,79,55425,110,1600,5,5,85,1075
1378,7750,77,54439,86,1300,3,5,69,1015
1379,5950,69,53809,110,1600,3,5,69,1050
1380,10950,76,53133,110,1600,5,5,85,1070
1381,9450,77,52900,110,1600,4,5,19,1075
1382,8250,80,52700,110,1600,3,5,69,1050
1383,9750,69,52320,110,1600,5,5,85,1070
1384,7450,78,52287,110,1600,5,5,19,1114
1385,8750,75,52000,110,1600,5,5,19,1075
1386,8750,69,52000,110,1600,3,5,69,1050
1387,8500,73,52000,110,1600,4,5,85,1065
1388,8950,70,51874,86,1300,4,5,69,1000
1389,7500,79,49827,86,1300,5,5,69,1035
1390,7250,69,49640,110,1600,4,5,69,1035
1391,7450,80,49580,110,1600,4,5,69,1035
1392,8750,76,49170,86,1300,3,5,69,1045
1393,9800,77,48838,110,1600,3,5,85,1055
1394,7500,71,48576,86,1300,3,5,69,1015
1395,8950,75,48400,110,1600,5,5,85,1075
1396,8950,74,48242,86,1300,5,5,69,1035
1397,7450,70,47955,110,1600,5,5,85,1070
1398,8950,71,47633,110,1600,5,5,85,1075
1399,10500,78,47400,86,1300,5,5,69,1040
1400,7000,73,47360,86,1300,3,5,69,1010
1401,8500,77,45507,110,1600,3,5,69,1050
1402,7750,76,45410,86,1300,5,5,69,1035
1403,8950,70,44850,110,1600,3,5,69,1050
1404,8250,69,44826,110,1600,5,5,85,1075
1405,9250,80,44444,110,1600,3,5,69,1050
1406,7900,75,43720,110,1600,5,5,85,1070
1407,8500,78,43622,86,1300,4,5,69,1000
1408,7950,76,43532,110,1600,5,5,85,1070
1409,9950,69,42800,110,1600,3,5,69,1050
1410,8750,74,42317,107,1600,5,5,85,1100
1411,7500,80,42186,110,1600,3,5,69,1050
1412,6950,72,42000,110,1600,3,5,69,1050
1413,8950,79,40093,110,1600,5,5,19,1114
1414,8750,79,39800,107,1600,3,5,85,1080
1415,7750,73,39168,86,1300,3,5,69,1015
1416,8450,75,38945,110,1600,3,5,69,1050
1417,8150,76,36537,110,1600,4,5,85,1075
1418,8500,78,36000,86,1300,3,5,69,1045
1419,7600,78,36000,110,1600,3,5,69,1050
1420,7950,80,35821,86,1300,3,5,19,1015
1421,7750,73,34717,86,1300,3,5,69,1015
1422,7950,80,34000,86,1300,4,5,69,1000
1423,9950,78,30964,110,1600,3,4,85,1080
1424,8950,71,29000,86,1300,3,5,69,1045
1425,8450,72,26000,86,1300,3,5,69,1015
1426,8950,78,24000,86,1300,5,5,85,1065
1427,8450,80,23000,86,1300,3,5,69,1015
1428,7500,69,20544,86,1300,3,5,69,1025
1429,10845,72,19000,86,1300,3,5,69,1015
1430,8500,71,17016,86,1300,3,5,69,1015
1431,7250,70,16916,86,1300,3,5,69,1015
1432,6950,76,1,110,1600,5,5,19,1114
